,Borough,Latitude,Longitude,Neighborhood,Cluster Labels,1st Most Common Venue,2nd Most Common Venue,3rd Most Common Venue,4th Most Common Venue,5th Most Common Venue,6th Most Common Venue,7th Most Common Venue,8th Most Common Venue,9th Most Common Venue,10th Most Common Venue,11th Most Common Venue,12th Most Common Venue,13th Most Common Venue,14th Most Common Venue,15th Most Common Venue,16th Most Common Venue,17th Most Common Venue,18th Most Common Venue,19th Most Common Venue,20th Most Common Venue,21th Most Common Venue,22th Most Common Venue,23th Most Common Venue,24th Most Common Venue,25th Most Common Venue,26th Most Common Venue,27th Most Common Venue,28th Most Common Venue,29th Most Common Venue,30th Most Common Venue,31th Most Common Venue,32th Most Common Venue,33th Most Common Venue,34th Most Common Venue,35th Most Common Venue,36th Most Common Venue,37th Most Common Venue,38th Most Common Venue,39th Most Common Venue,40th Most Common Venue,41th Most Common Venue,42th Most Common Venue,43th Most Common Venue,44th Most Common Venue,45th Most Common Venue,46th Most Common Venue,47th Most Common Venue,48th Most Common Venue,49th Most Common Venue,50th Most Common Venue
0,H1A ,45.667824350000004,-73.50513339569802, Pointe-aux-Trembles,4,Convenience Store,Pharmacy,Supermarket,Sushi Restaurant,Dim Sum Restaurant,Falafel Restaurant,Event Space,English Restaurant,Empanada Restaurant,Dumpling Restaurant,Drugstore,Dive Bar,Discount Store,Diner,Dessert Shop,Farmers Market,Department Store,Deli / Bodega,Cycle Studio,Currency Exchange,Curling Ice,Cupcake Shop,Cuban Restaurant,Creperie,Coworking Space,Cosmetics Shop,Farm,Yoga Studio,Construction & Landscaping,Filipino Restaurant,Hardware Store,Harbor / Marina,Gym Pool,Gym / Fitness Center,Gym,Grocery Store,Greek Restaurant,Gourmet Shop,Golf Course,Gift Shop,German Restaurant,Gastropub,Gas Station,Gaming Cafe,Furniture / Home Store,Fried Chicken Joint,French Restaurant,Food Truck,Food & Drink Shop,Food
1,H2A ,45.2381816,-73.5699087, Saint-Michel East,7,ATM,Pizza Place,Dim Sum Restaurant,Farm,Falafel Restaurant,Event Space,English Restaurant,Empanada Restaurant,Dumpling Restaurant,Drugstore,Dive Bar,Discount Store,Diner,Dessert Shop,Convenience Store,Department Store,Deli / Bodega,Cycle Studio,Currency Exchange,Curling Ice,Cupcake Shop,Cuban Restaurant,Creperie,Coworking Space,Farmers Market,Fast Food Restaurant,Filipino Restaurant,Fish & Chips Shop,Hawaiian Restaurant,Hardware Store,Harbor / Marina,Gym Pool,Gym / Fitness Center,Gym,Grocery Store,Greek Restaurant,Gourmet Shop,Golf Course,Gift Shop,German Restaurant,Gastropub,Gas Station,Gaming Cafe,Furniture / Home Store,Fried Chicken Joint,French Restaurant,Food Truck,Food & Drink Shop,Food,Cosmetics Shop
2,H3A ,45.5052895,-73.5640756, Downtown Montreal North ,6,Hotel,Café,Plaza,French Restaurant,Restaurant,Japanese Restaurant,Performing Arts Venue,Pizza Place,Building,Bubble Tea Shop,Cocktail Bar,Coffee Shop,Concert Hall,Taco Place,Yoga Studio,Theater,Bakery,Asian Restaurant,Art Museum,Dessert Shop,Hawaiian Restaurant,Peruvian Restaurant,Opera House,Park,Italian Restaurant,Hotel Bar,Dumpling Restaurant,Gourmet Shop,Pharmacy,Gastropub,Chinese Restaurant,Noodle House,Comedy Club,Cycle Studio,Music Venue,Comfort Food Restaurant,Museum,Movie Theater,Department Store,Mongolian Restaurant,Men's Store,Cupcake Shop,Lounge,Liquor Store,Korean Restaurant,Jazz Club,Cuban Restaurant,Food Truck,Public Art,Salad Place
3,H4A ,45.4679674,-73.6289223, Notre-Dame-de-Grâce ,6,Café,Grocery Store,Mexican Restaurant,Sporting Goods Shop,Bistro,Sandwich Place,Pharmacy,Mac & Cheese Joint,Tea Room,Park,Bakery,Athletics & Sports,Asian Restaurant,Pizza Place,University,Vegetarian / Vegan Restaurant,Gym,Food & Drink Shop,Dumpling Restaurant,Dim Sum Restaurant,Drugstore,Empanada Restaurant,Dive Bar,Discount Store,Diner,Yoga Studio,Dessert Shop,Department Store,Deli / Bodega,Currency Exchange,Curling Ice,Cupcake Shop,Cuban Restaurant,Creperie,Coworking Space,Cycle Studio,Farmers Market,English Restaurant,Furniture / Home Store,Greek Restaurant,Gourmet Shop,Golf Course,Gift Shop,German Restaurant,Gastropub,Gas Station,Gaming Cafe,Fried Chicken Joint,Event Space,French Restaurant
4,H5A ,45.49958275,-73.56491666661734, Place Bonaventure,6,Plaza,Café,Restaurant,Coworking Space,Market,French Restaurant,Food Truck,Breakfast Spot,Building,Park,Scenic Lookout,Cupcake Shop,Music Venue,Bistro,Monument / Landmark,Church,Portuguese Restaurant,Cocktail Bar,Coffee Shop,Steakhouse,Burger Joint,Cuban Restaurant,Hotel,Swiss Restaurant,Bakery,Bar,BBQ Joint,Hawaiian Restaurant,Taco Place,Cycle Studio,Deli / Bodega,Department Store,Currency Exchange,Curling Ice,Dessert Shop,Gourmet Shop,Golf Course,Greek Restaurant,Gift Shop,Dim Sum Restaurant,Diner,German Restaurant,Grocery Store,Discount Store,Fried Chicken Joint,Dive Bar,Drugstore,Food & Drink Shop,Food,Fish & Chips Shop
5,H7A ,45.59314,-73.66641, Duvernay-Est,6,Pharmacy,Bank,Coffee Shop,Fast Food Restaurant,Sushi Restaurant,French Restaurant,Supermarket,Sandwich Place,Breakfast Spot,Convenience Store,Gym / Fitness Center,Shopping Mall,Liquor Store,Dumpling Restaurant,Empanada Restaurant,Drugstore,Dive Bar,Discount Store,Diner,Dim Sum Restaurant,Event Space,Dessert Shop,Department Store,Deli / Bodega,Cycle Studio,Currency Exchange,Curling Ice,Cupcake Shop,Cuban Restaurant,Creperie,Coworking Space,English Restaurant,Yoga Studio,Falafel Restaurant,Farm,Gym Pool,Gym,Grocery Store,Greek Restaurant,Gourmet Shop,Golf Course,Gift Shop,German Restaurant,Gastropub,Gas Station,Gaming Cafe,Furniture / Home Store,Fried Chicken Joint,Food Truck,Food & Drink Shop
6,H9A ,45.48423,-73.8064547, Dollard-des-Ormeaux North west,6,Skating Rink,Italian Restaurant,BBQ Joint,Fast Food Restaurant,Deli / Bodega,Thai Restaurant,Park,Food & Drink Shop,Bakery,Restaurant,Shopping Mall,Greek Restaurant,Grocery Store,Burger Joint,Mexican Restaurant,Gym Pool,Empanada Restaurant,Dumpling Restaurant,Drugstore,Dive Bar,Discount Store,Yoga Studio,Department Store,Diner,Dim Sum Restaurant,Dessert Shop,Event Space,Cycle Studio,Currency Exchange,Curling Ice,Cupcake Shop,Cuban Restaurant,Creperie,English Restaurant,Farmers Market,Falafel Restaurant,Farm,Gym / Fitness Center,Gym,Gourmet Shop,Golf Course,Gift Shop,German Restaurant,Gastropub,Gas Station,Gaming Cafe,Furniture / Home Store,Fried Chicken Joint,French Restaurant,Food Truck
7,H1B ,45.4972159,-73.6103642, Montreal East,6,Convenience Store,Bus Station,Residential Building (Apartment / Condo),Furniture / Home Store,Diner,Falafel Restaurant,Event Space,English Restaurant,Empanada Restaurant,Dumpling Restaurant,Drugstore,Dive Bar,Discount Store,Yoga Studio,Farm,Dessert Shop,Department Store,Deli / Bodega,Cycle Studio,Currency Exchange,Curling Ice,Cupcake Shop,Cuban Restaurant,Creperie,Coworking Space,Dim Sum Restaurant,Fast Food Restaurant,Farmers Market,Filipino Restaurant,Hawaiian Restaurant,Hardware Store,Harbor / Marina,Gym Pool,Gym / Fitness Center,Gym,Grocery Store,Greek Restaurant,Gourmet Shop,Golf Course,Gift Shop,German Restaurant,Gastropub,Gas Station,Gaming Cafe,Fried Chicken Joint,French Restaurant,Food Truck,Food & Drink Shop,Food,Fish & Chips Shop
8,H2B ,45.55930765,-73.65270165067771, Ahuntsic North,6,Café,Restaurant,Plaza,Vietnamese Restaurant,Pharmacy,Hardware Store,Coffee Shop,Furniture / Home Store,Breakfast Spot,Ice Cream Shop,Fast Food Restaurant,Sausage Shop,Yoga Studio,Discount Store,Dive Bar,Dim Sum Restaurant,Drugstore,Dumpling Restaurant,Diner,Department Store,Dessert Shop,English Restaurant,Deli / Bodega,Cycle Studio,Currency Exchange,Curling Ice,Cupcake Shop,Cuban Restaurant,Creperie,Empanada Restaurant,Farm,Event Space,Falafel Restaurant,Gym Pool,Gym / Fitness Center,Gym,Grocery Store,Greek Restaurant,Gourmet Shop,Golf Course,Gift Shop,German Restaurant,Gastropub,Gas Station,Gaming Cafe,Fried Chicken Joint,French Restaurant,Food Truck,Food & Drink Shop,Food
9,H3B ,45.5052895,-73.5640756, Downtown Montreal East,6,Hotel,Café,Plaza,French Restaurant,Restaurant,Japanese Restaurant,Performing Arts Venue,Pizza Place,Building,Bubble Tea Shop,Cocktail Bar,Coffee Shop,Concert Hall,Taco Place,Yoga Studio,Theater,Bakery,Asian Restaurant,Art Museum,Dessert Shop,Hawaiian Restaurant,Peruvian Restaurant,Opera House,Park,Italian Restaurant,Hotel Bar,Dumpling Restaurant,Gourmet Shop,Pharmacy,Gastropub,Chinese Restaurant,Noodle House,Comedy Club,Cycle Studio,Music Venue,Comfort Food Restaurant,Museum,Movie Theater,Department Store,Mongolian Restaurant,Men's Store,Cupcake Shop,Lounge,Liquor Store,Korean Restaurant,Jazz Club,Cuban Restaurant,Food Truck,Public Art,Salad Place
10,H4B ,45.4679674,-73.6289223, Notre-Dame-de-Grâce South west,6,Café,Grocery Store,Mexican Restaurant,Sporting Goods Shop,Bistro,Sandwich Place,Pharmacy,Mac & Cheese Joint,Tea Room,Park,Bakery,Athletics & Sports,Asian Restaurant,Pizza Place,University,Vegetarian / Vegan Restaurant,Gym,Food & Drink Shop,Dumpling Restaurant,Dim Sum Restaurant,Drugstore,Empanada Restaurant,Dive Bar,Discount Store,Diner,Yoga Studio,Dessert Shop,Department Store,Deli / Bodega,Currency Exchange,Curling Ice,Cupcake Shop,Cuban Restaurant,Creperie,Coworking Space,Cycle Studio,Farmers Market,English Restaurant,Furniture / Home Store,Greek Restaurant,Gourmet Shop,Golf Course,Gift Shop,German Restaurant,Gastropub,Gas Station,Gaming Cafe,Fried Chicken Joint,Event Space,French Restaurant
11,H5B ,45.507423700000004,-73.5644547155236, Place Desjardins,6,Chinese Restaurant,Hotel,Vietnamese Restaurant,Asian Restaurant,Restaurant,Concert Hall,Café,Plaza,Bakery,Performing Arts Venue,Dessert Shop,Dim Sum Restaurant,Coffee Shop,Bubble Tea Shop,Cocktail Bar,French Restaurant,Noodle House,Comedy Club,Pharmacy,Opera House,Peruvian Restaurant,Public Art,Yoga Studio,Music Venue,Movie Theater,Mongolian Restaurant,Lounge,Liquor Store,Korean Restaurant,Dumpling Restaurant,Japanese Restaurant,Italian Restaurant,Gastropub,Gourmet Shop,Men's Store,Pizza Place,Art Gallery,Tea Room,Boxing Gym,Breakfast Spot,Art Museum,Bar,Shabu-Shabu Restaurant,Taco Place,Vegetarian / Vegan Restaurant,Diner,Discount Store,Baseball Field,Dive Bar,Event Space
12,H7B ,47.0018865,-70.8129222, Saint-François,6,Coffee Shop,Ice Cream Shop,Campground,Yoga Studio,Diner,Farm,Falafel Restaurant,Event Space,English Restaurant,Empanada Restaurant,Dumpling Restaurant,Drugstore,Dive Bar,Discount Store,Dim Sum Restaurant,Fast Food Restaurant,Dessert Shop,Department Store,Deli / Bodega,Cycle Studio,Currency Exchange,Curling Ice,Cupcake Shop,Cuban Restaurant,Creperie,Farmers Market,Filipino Restaurant,Cosmetics Shop,Fish & Chips Shop,Hawaiian Restaurant,Hardware Store,Harbor / Marina,Gym Pool,Gym / Fitness Center,Gym,Grocery Store,Greek Restaurant,Gourmet Shop,Golf Course,Gift Shop,German Restaurant,Gastropub,Gas Station,Gaming Cafe,Furniture / Home Store,Fried Chicken Joint,French Restaurant,Food Truck,Food & Drink Shop,Food
13,H9B ,45.48423,-73.8064547, Dollard-des-Ormeaux East,6,Skating Rink,Italian Restaurant,BBQ Joint,Fast Food Restaurant,Deli / Bodega,Thai Restaurant,Park,Food & Drink Shop,Bakery,Restaurant,Shopping Mall,Greek Restaurant,Grocery Store,Burger Joint,Mexican Restaurant,Gym Pool,Empanada Restaurant,Dumpling Restaurant,Drugstore,Dive Bar,Discount Store,Yoga Studio,Department Store,Diner,Dim Sum Restaurant,Dessert Shop,Event Space,Cycle Studio,Currency Exchange,Curling Ice,Cupcake Shop,Cuban Restaurant,Creperie,English Restaurant,Farmers Market,Falafel Restaurant,Farm,Gym / Fitness Center,Gym,Gourmet Shop,Golf Course,Gift Shop,German Restaurant,Gastropub,Gas Station,Gaming Cafe,Furniture / Home Store,Fried Chicken Joint,French Restaurant,Food Truck
14,H1C ,45.6679644,-73.53685698747795, Rivière-des-Prairies North east,1,Construction & Landscaping,Bus Stop,Diner,Farm,Falafel Restaurant,Event Space,English Restaurant,Empanada Restaurant,Dumpling Restaurant,Drugstore,Dive Bar,Discount Store,Dim Sum Restaurant,Convenience Store,Dessert Shop,Department Store,Deli / Bodega,Cycle Studio,Currency Exchange,Curling Ice,Cupcake Shop,Cuban Restaurant,Creperie,Coworking Space,Farmers Market,Fast Food Restaurant,Filipino Restaurant,Fish & Chips Shop,Hawaiian Restaurant,Hardware Store,Harbor / Marina,Gym Pool,Gym / Fitness Center,Gym,Grocery Store,Greek Restaurant,Gourmet Shop,Golf Course,Gift Shop,German Restaurant,Gastropub,Gas Station,Gaming Cafe,Furniture / Home Store,Fried Chicken Joint,French Restaurant,Food Truck,Food & Drink Shop,Food,Cosmetics Shop
15,H2C ,45.55930765,-73.65270165067771, Ahuntsic Central,6,Café,Restaurant,Plaza,Vietnamese Restaurant,Pharmacy,Hardware Store,Coffee Shop,Furniture / Home Store,Breakfast Spot,Ice Cream Shop,Fast Food Restaurant,Sausage Shop,Yoga Studio,Discount Store,Dive Bar,Dim Sum Restaurant,Drugstore,Dumpling Restaurant,Diner,Department Store,Dessert Shop,English Restaurant,Deli / Bodega,Cycle Studio,Currency Exchange,Curling Ice,Cupcake Shop,Cuban Restaurant,Creperie,Empanada Restaurant,Farm,Event Space,Falafel Restaurant,Gym Pool,Gym / Fitness Center,Gym,Grocery Store,Greek Restaurant,Gourmet Shop,Golf Course,Gift Shop,German Restaurant,Gastropub,Gas Station,Gaming Cafe,Fried Chicken Joint,French Restaurant,Food Truck,Food & Drink Shop,Food
16,H3C ,45.48989745,-73.56302767077126, Griffintown,6,Restaurant,Italian Restaurant,Sushi Restaurant,Brewery,Gym,Supermarket,Seafood Restaurant,Sandwich Place,Café,Fried Chicken Joint,Middle Eastern Restaurant,Pub,Climbing Gym,Gym / Fitness Center,Pie Shop,Pharmacy,French Restaurant,Shoe Store,Tapas Restaurant,Bank,BBQ Joint,Bakery,Thrift / Vintage Store,Gastropub,Gas Station,Greek Restaurant,Department Store,Creperie,Discount Store,Diner,Dim Sum Restaurant,Dessert Shop,Cuban Restaurant,Gift Shop,Grocery Store,Cupcake Shop,Deli / Bodega,Cycle Studio,German Restaurant,Gourmet Shop,Currency Exchange,Curling Ice,Golf Course,Dive Bar,Furniture / Home Store,Drugstore,Gaming Cafe,Food Truck,Food & Drink Shop,Food
17,H4C ,46.692077,-71.067123, Saint-Henri,4,Baseball Field,Home Service,Pharmacy,Skating Rink,Creperie,Diner,Farm,Falafel Restaurant,Event Space,English Restaurant,Empanada Restaurant,Dumpling Restaurant,Drugstore,Dive Bar,Discount Store,Dim Sum Restaurant,Cuban Restaurant,Dessert Shop,Farmers Market,Department Store,Deli / Bodega,Cycle Studio,Currency Exchange,Curling Ice,Coworking Space,Cupcake Shop,Yoga Studio,Fast Food Restaurant,Convenience Store,Filipino Restaurant,Hardware Store,Harbor / Marina,Gym Pool,Gym / Fitness Center,Gym,Grocery Store,Greek Restaurant,Gourmet Shop,Golf Course,Gift Shop,German Restaurant,Gastropub,Gas Station,Gaming Cafe,Furniture / Home Store,Fried Chicken Joint,French Restaurant,Food Truck,Food & Drink Shop,Food
18,H7C ,45.6146951,-73.6461458, Saint-Vincent-de-Paul,6,Breakfast Spot,Park,Hockey Arena,Italian Restaurant,Diner,Farm,Falafel Restaurant,Event Space,English Restaurant,Empanada Restaurant,Dumpling Restaurant,Drugstore,Dive Bar,Discount Store,Yoga Studio,Dim Sum Restaurant,Fast Food Restaurant,Dessert Shop,Department Store,Deli / Bodega,Cycle Studio,Currency Exchange,Curling Ice,Cupcake Shop,Cuban Restaurant,Creperie,Farmers Market,Fish & Chips Shop,Filipino Restaurant,Gift Shop,Hardware Store,Harbor / Marina,Gym Pool,Gym / Fitness Center,Gym,Grocery Store,Greek Restaurant,Gourmet Shop,Golf Course,German Restaurant,Cosmetics Shop,Gastropub,Gas Station,Gaming Cafe,Furniture / Home Store,Fried Chicken Joint,French Restaurant,Food Truck,Food & Drink Shop,Food
20,H1E ,45.6679644,-73.53685698747795, Rivière-des-Prairies South west,1,Construction & Landscaping,Bus Stop,Diner,Farm,Falafel Restaurant,Event Space,English Restaurant,Empanada Restaurant,Dumpling Restaurant,Drugstore,Dive Bar,Discount Store,Dim Sum Restaurant,Convenience Store,Dessert Shop,Department Store,Deli / Bodega,Cycle Studio,Currency Exchange,Curling Ice,Cupcake Shop,Cuban Restaurant,Creperie,Coworking Space,Farmers Market,Fast Food Restaurant,Filipino Restaurant,Fish & Chips Shop,Hawaiian Restaurant,Hardware Store,Harbor / Marina,Gym Pool,Gym / Fitness Center,Gym,Grocery Store,Greek Restaurant,Gourmet Shop,Golf Course,Gift Shop,German Restaurant,Gastropub,Gas Station,Gaming Cafe,Furniture / Home Store,Fried Chicken Joint,French Restaurant,Food Truck,Food & Drink Shop,Food,Cosmetics Shop
21,H2E ,45.558557050000005,-73.61199601529296, Villeray North east,0,Park,Pizza Place,Diner,Restaurant,Theater,Department Store,English Restaurant,Empanada Restaurant,Dumpling Restaurant,Drugstore,Dive Bar,Discount Store,Dim Sum Restaurant,Dessert Shop,Yoga Studio,Deli / Bodega,Falafel Restaurant,Cycle Studio,Currency Exchange,Curling Ice,Cupcake Shop,Cuban Restaurant,Creperie,Coworking Space,Cosmetics Shop,Event Space,Farm,Construction & Landscaping,Gastropub,Harbor / Marina,Gym Pool,Gym / Fitness Center,Gym,Grocery Store,Greek Restaurant,Gourmet Shop,Golf Course,Gift Shop,German Restaurant,Gas Station,Farmers Market,Gaming Cafe,Furniture / Home Store,Fried Chicken Joint,French Restaurant,Food Truck,Food & Drink Shop,Food,Fish & Chips Shop,Filipino Restaurant
22,H3E ,45.4603625,-73.5459632, LÎle-Des-Soeurs,13,Park,Playground,Mediterranean Restaurant,Yoga Studio,Dim Sum Restaurant,Falafel Restaurant,Event Space,English Restaurant,Empanada Restaurant,Dumpling Restaurant,Drugstore,Dive Bar,Discount Store,Diner,Dessert Shop,Farmers Market,Department Store,Deli / Bodega,Cycle Studio,Currency Exchange,Curling Ice,Cupcake Shop,Cuban Restaurant,Creperie,Coworking Space,Farm,Fast Food Restaurant,Health Food Store,Filipino Restaurant,Hardware Store,Harbor / Marina,Gym Pool,Gym / Fitness Center,Gym,Grocery Store,Greek Restaurant,Gourmet Shop,Golf Course,Gift Shop,German Restaurant,Gastropub,Gas Station,Gaming Cafe,Furniture / Home Store,Fried Chicken Joint,French Restaurant,Food Truck,Food & Drink Shop,Food,Fish & Chips Shop
23,H4E ,45.4557559,-73.5966635, Ville Émard,4,Park,Grocery Store,Coffee Shop,Breakfast Spot,Sandwich Place,Italian Restaurant,Pharmacy,Convenience Store,Comedy Club,Curling Ice,English Restaurant,Empanada Restaurant,Creperie,Dumpling Restaurant,Drugstore,Dive Bar,Discount Store,Cuban Restaurant,Diner,Dim Sum Restaurant,Dessert Shop,Department Store,Falafel Restaurant,Deli / Bodega,Cycle Studio,Cupcake Shop,Currency Exchange,Event Space,Yoga Studio,Farm,Coworking Space,Harbor / Marina,Gym Pool,Gym / Fitness Center,Gym,Greek Restaurant,Gourmet Shop,Golf Course,Gift Shop,German Restaurant,Gastropub,Gas Station,Gaming Cafe,Furniture / Home Store,Fried Chicken Joint,French Restaurant,Food Truck,Food & Drink Shop,Food,Fish & Chips Shop
24,H7E ,45.5935503,-73.6699909, Duvernay,6,Pharmacy,Bank,Coffee Shop,Fast Food Restaurant,Sushi Restaurant,French Restaurant,Supermarket,Sandwich Place,Breakfast Spot,Convenience Store,Gym / Fitness Center,Shopping Mall,Liquor Store,Dumpling Restaurant,Empanada Restaurant,Drugstore,Dive Bar,Discount Store,Diner,Dim Sum Restaurant,Event Space,Dessert Shop,Department Store,Deli / Bodega,Cycle Studio,Currency Exchange,Curling Ice,Cupcake Shop,Cuban Restaurant,Creperie,Coworking Space,English Restaurant,Yoga Studio,Falafel Restaurant,Farm,Gym Pool,Gym,Grocery Store,Greek Restaurant,Gourmet Shop,Golf Course,Gift Shop,German Restaurant,Gastropub,Gas Station,Gaming Cafe,Furniture / Home Store,Fried Chicken Joint,Food Truck,Food & Drink Shop
25,H9E ,45.4950421,-73.90344498268641, LÎle-Bizard South west,14,Golf Course,Yoga Studio,Dessert Shop,Falafel Restaurant,Event Space,English Restaurant,Empanada Restaurant,Dumpling Restaurant,Drugstore,Dive Bar,Discount Store,Diner,Dim Sum Restaurant,Department Store,Farmers Market,Deli / Bodega,Cycle Studio,Currency Exchange,Curling Ice,Cupcake Shop,Cuban Restaurant,Creperie,Coworking Space,Cosmetics Shop,Farm,Fast Food Restaurant,Historic Site,Filipino Restaurant,Hawaiian Restaurant,Hardware Store,Harbor / Marina,Gym Pool,Gym / Fitness Center,Gym,Grocery Store,Greek Restaurant,Gourmet Shop,Gift Shop,German Restaurant,Gastropub,Gas Station,Gaming Cafe,Furniture / Home Store,Fried Chicken Joint,French Restaurant,Food Truck,Food & Drink Shop,Food,Fish & Chips Shop,Convenience Store
26,H1G ,45.5938992,-73.6376062, Montréal-Nord North,2,Fast Food Restaurant,Gas Station,Dim Sum Restaurant,Falafel Restaurant,Event Space,English Restaurant,Empanada Restaurant,Dumpling Restaurant,Drugstore,Dive Bar,Discount Store,Diner,Dessert Shop,Farmers Market,Department Store,Deli / Bodega,Cycle Studio,Currency Exchange,Curling Ice,Cupcake Shop,Cuban Restaurant,Creperie,Coworking Space,Cosmetics Shop,Farm,Yoga Studio,Historic Site,Filipino Restaurant,Hawaiian Restaurant,Hardware Store,Harbor / Marina,Gym Pool,Gym / Fitness Center,Gym,Grocery Store,Greek Restaurant,Gourmet Shop,Golf Course,Gift Shop,German Restaurant,Gastropub,Gaming Cafe,Furniture / Home Store,Fried Chicken Joint,French Restaurant,Food Truck,Food & Drink Shop,Food,Fish & Chips Shop,Convenience Store
27,H2G ,45.5507465,-73.5822897, Petite-Patrie North east,4,Grocery Store,Shopping Plaza,Pizza Place,Pharmacy,Ice Cream Shop,Sandwich Place,Yoga Studio,Dim Sum Restaurant,English Restaurant,Empanada Restaurant,Dumpling Restaurant,Drugstore,Dive Bar,Discount Store,Diner,Deli / Bodega,Dessert Shop,Department Store,Falafel Restaurant,Cycle Studio,Currency Exchange,Curling Ice,Cupcake Shop,Cuban Restaurant,Creperie,Coworking Space,Event Space,Farm,Convenience Store,Farmers Market,Harbor / Marina,Gym Pool,Gym / Fitness Center,Gym,Greek Restaurant,Gourmet Shop,Golf Course,Gift Shop,German Restaurant,Gastropub,Gas Station,Gaming Cafe,Furniture / Home Store,Fried Chicken Joint,French Restaurant,Food Truck,Food & Drink Shop,Food,Fish & Chips Shop,Filipino Restaurant
28,H3G ,45.5052895,-73.5640756, Downtown Montreal South east,6,Hotel,Café,Plaza,French Restaurant,Restaurant,Japanese Restaurant,Performing Arts Venue,Pizza Place,Building,Bubble Tea Shop,Cocktail Bar,Coffee Shop,Concert Hall,Taco Place,Yoga Studio,Theater,Bakery,Asian Restaurant,Art Museum,Dessert Shop,Hawaiian Restaurant,Peruvian Restaurant,Opera House,Park,Italian Restaurant,Hotel Bar,Dumpling Restaurant,Gourmet Shop,Pharmacy,Gastropub,Chinese Restaurant,Noodle House,Comedy Club,Cycle Studio,Music Venue,Comfort Food Restaurant,Museum,Movie Theater,Department Store,Mongolian Restaurant,Men's Store,Cupcake Shop,Lounge,Liquor Store,Korean Restaurant,Jazz Club,Cuban Restaurant,Food Truck,Public Art,Salad Place
29,H4G ,45.459078,-73.5731774, Verdun North,6,Breakfast Spot,Grocery Store,Pizza Place,Indian Restaurant,Peruvian Restaurant,Tea Room,Restaurant,Cheese Shop,Chinese Restaurant,Fish & Chips Shop,Food,French Restaurant,Sushi Restaurant,Café,Beer Store,Sandwich Place,Bank,Bakery,Pharmacy,BBQ Joint,Gastropub,Vietnamese Restaurant,Cycle Studio,Creperie,Dumpling Restaurant,Drugstore,Dive Bar,Discount Store,Curling Ice,Cuban Restaurant,Cupcake Shop,Diner,Dim Sum Restaurant,Dessert Shop,Department Store,Currency Exchange,Deli / Bodega,Yoga Studio,Empanada Restaurant,English Restaurant,Gym / Fitness Center,Gym,Greek Restaurant,Gourmet Shop,Golf Course,Gift Shop,German Restaurant,Gas Station,Gaming Cafe,Furniture / Home Store
30,H7G ,45.5572533,-73.67535420152942, Pont-Viau,6,Adult Boutique,Coffee Shop,Rental Car Location,Locksmith,Yoga Studio,Dim Sum Restaurant,Falafel Restaurant,Event Space,English Restaurant,Empanada Restaurant,Dumpling Restaurant,Drugstore,Dive Bar,Discount Store,Diner,Department Store,Dessert Shop,Farmers Market,Deli / Bodega,Cycle Studio,Currency Exchange,Curling Ice,Cupcake Shop,Cuban Restaurant,Creperie,Coworking Space,Farm,Fast Food Restaurant,Convenience Store,Filipino Restaurant,Hardware Store,Harbor / Marina,Gym Pool,Gym / Fitness Center,Gym,Grocery Store,Greek Restaurant,Gourmet Shop,Golf Course,Gift Shop,German Restaurant,Gastropub,Gas Station,Gaming Cafe,Furniture / Home Store,Fried Chicken Joint,French Restaurant,Food Truck,Food & Drink Shop,Food
31,H9G ,45.48423,-73.8064547, Dollard-des-Ormeaux South west,6,Skating Rink,Italian Restaurant,BBQ Joint,Fast Food Restaurant,Deli / Bodega,Thai Restaurant,Park,Food & Drink Shop,Bakery,Restaurant,Shopping Mall,Greek Restaurant,Grocery Store,Burger Joint,Mexican Restaurant,Gym Pool,Empanada Restaurant,Dumpling Restaurant,Drugstore,Dive Bar,Discount Store,Yoga Studio,Department Store,Diner,Dim Sum Restaurant,Dessert Shop,Event Space,Cycle Studio,Currency Exchange,Curling Ice,Cupcake Shop,Cuban Restaurant,Creperie,English Restaurant,Farmers Market,Falafel Restaurant,Farm,Gym / Fitness Center,Gym,Gourmet Shop,Golf Course,Gift Shop,German Restaurant,Gastropub,Gas Station,Gaming Cafe,Furniture / Home Store,Fried Chicken Joint,French Restaurant,Food Truck
32,H1H ,45.5938992,-73.6376062, Montréal-Nord South,2,Fast Food Restaurant,Gas Station,Dim Sum Restaurant,Falafel Restaurant,Event Space,English Restaurant,Empanada Restaurant,Dumpling Restaurant,Drugstore,Dive Bar,Discount Store,Diner,Dessert Shop,Farmers Market,Department Store,Deli / Bodega,Cycle Studio,Currency Exchange,Curling Ice,Cupcake Shop,Cuban Restaurant,Creperie,Coworking Space,Cosmetics Shop,Farm,Yoga Studio,Historic Site,Filipino Restaurant,Hawaiian Restaurant,Hardware Store,Harbor / Marina,Gym Pool,Gym / Fitness Center,Gym,Grocery Store,Greek Restaurant,Gourmet Shop,Golf Course,Gift Shop,German Restaurant,Gastropub,Gaming Cafe,Furniture / Home Store,Fried Chicken Joint,French Restaurant,Food Truck,Food & Drink Shop,Food,Fish & Chips Shop,Convenience Store
33,H2H ,45.5218361,-73.5821731, Plateau Mont-Royal North,6,Café,Bakery,French Restaurant,Bar,Portuguese Restaurant,Bookstore,Burger Joint,Coffee Shop,Japanese Restaurant,Tea Room,Breakfast Spot,Cocktail Bar,South American Restaurant,Middle Eastern Restaurant,Restaurant,Clothing Store,Health Food Store,Vegetarian / Vegan Restaurant,Hardware Store,Gaming Cafe,Record Shop,Greek Restaurant,Church,Pizza Place,Furniture / Home Store,Gym / Fitness Center,Latin American Restaurant,Jazz Club,Pet Café,Cosmetics Shop,Nightclub,Moroccan Restaurant,Indian Restaurant,Mexican Restaurant,Diner,Empanada Restaurant,Lounge,Gastropub,Salvadoran Restaurant,Toy / Game Store,Vietnamese Restaurant,Sandwich Place,Sushi Restaurant,Thai Restaurant,Bus Line,Bank,English Restaurant,Automotive Shop,BBQ Joint,Dumpling Restaurant
34,H3H ,45.5052895,-73.5640756, Downtown Montreal South west,6,Hotel,Café,Plaza,French Restaurant,Restaurant,Japanese Restaurant,Performing Arts Venue,Pizza Place,Building,Bubble Tea Shop,Cocktail Bar,Coffee Shop,Concert Hall,Taco Place,Yoga Studio,Theater,Bakery,Asian Restaurant,Art Museum,Dessert Shop,Hawaiian Restaurant,Peruvian Restaurant,Opera House,Park,Italian Restaurant,Hotel Bar,Dumpling Restaurant,Gourmet Shop,Pharmacy,Gastropub,Chinese Restaurant,Noodle House,Comedy Club,Cycle Studio,Music Venue,Comfort Food Restaurant,Museum,Movie Theater,Department Store,Mongolian Restaurant,Men's Store,Cupcake Shop,Lounge,Liquor Store,Korean Restaurant,Jazz Club,Cuban Restaurant,Food Truck,Public Art,Salad Place
35,H4H ,45.459078,-73.5731774, Verdun South,6,Breakfast Spot,Grocery Store,Pizza Place,Indian Restaurant,Peruvian Restaurant,Tea Room,Restaurant,Cheese Shop,Chinese Restaurant,Fish & Chips Shop,Food,French Restaurant,Sushi Restaurant,Café,Beer Store,Sandwich Place,Bank,Bakery,Pharmacy,BBQ Joint,Gastropub,Vietnamese Restaurant,Cycle Studio,Creperie,Dumpling Restaurant,Drugstore,Dive Bar,Discount Store,Curling Ice,Cuban Restaurant,Cupcake Shop,Diner,Dim Sum Restaurant,Dessert Shop,Department Store,Currency Exchange,Deli / Bodega,Yoga Studio,Empanada Restaurant,English Restaurant,Gym / Fitness Center,Gym,Greek Restaurant,Gourmet Shop,Golf Course,Gift Shop,German Restaurant,Gas Station,Gaming Cafe,Furniture / Home Store
36,H7H ,45.6310127,-73.7519982, Auteuil West,4,Farmers Market,Convenience Store,Coffee Shop,Grocery Store,Pharmacy,Dim Sum Restaurant,Falafel Restaurant,Event Space,English Restaurant,Empanada Restaurant,Dumpling Restaurant,Drugstore,Dive Bar,Discount Store,Diner,Yoga Studio,Dessert Shop,Farm,Deli / Bodega,Cycle Studio,Currency Exchange,Curling Ice,Cupcake Shop,Cuban Restaurant,Creperie,Coworking Space,Department Store,Fast Food Restaurant,Filipino Restaurant,Gift Shop,Hawaiian Restaurant,Hardware Store,Harbor / Marina,Gym Pool,Gym / Fitness Center,Gym,Greek Restaurant,Gourmet Shop,Golf Course,German Restaurant,Fish & Chips Shop,Gastropub,Gas Station,Gaming Cafe,Furniture / Home Store,Fried Chicken Joint,French Restaurant,Food Truck,Food & Drink Shop,Food
37,H9H ,45.4955083,-73.8471749,Pierrefonds,4,Adult Boutique,Asian Restaurant,Track,Dive Bar,Yoga Studio,Dim Sum Restaurant,Farm,Falafel Restaurant,Event Space,English Restaurant,Empanada Restaurant,Dumpling Restaurant,Drugstore,Discount Store,Diner,Department Store,Dessert Shop,Fast Food Restaurant,Deli / Bodega,Cycle Studio,Currency Exchange,Curling Ice,Cupcake Shop,Cuban Restaurant,Creperie,Coworking Space,Farmers Market,Fish & Chips Shop,Filipino Restaurant,Convenience Store,Hawaiian Restaurant,Hardware Store,Harbor / Marina,Gym Pool,Gym / Fitness Center,Gym,Grocery Store,Greek Restaurant,Gourmet Shop,Golf Course,Gift Shop,German Restaurant,Gastropub,Gas Station,Gaming Cafe,Furniture / Home Store,Fried Chicken Joint,French Restaurant,Food Truck,Food & Drink Shop
38,H1J ,45.6048982,-73.5466723, Anjou West,6,Portuguese Restaurant,Supermarket,Bus Stop,Farmers Market,Falafel Restaurant,Event Space,English Restaurant,Empanada Restaurant,Dumpling Restaurant,Drugstore,Dive Bar,Discount Store,Diner,Dim Sum Restaurant,Dessert Shop,Department Store,Deli / Bodega,Cycle Studio,Currency Exchange,Curling Ice,Cupcake Shop,Cuban Restaurant,Creperie,Coworking Space,Cosmetics Shop,Farm,Fast Food Restaurant,Construction & Landscaping,Filipino Restaurant,Hardware Store,Harbor / Marina,Gym Pool,Gym / Fitness Center,Gym,Grocery Store,Greek Restaurant,Gourmet Shop,Golf Course,Gift Shop,German Restaurant,Gastropub,Gas Station,Gaming Cafe,Furniture / Home Store,Fried Chicken Joint,French Restaurant,Food Truck,Food & Drink Shop,Food,Fish & Chips Shop
39,H2J ,45.5218361,-73.5821731, Plateau Mont-Royal North Central,6,Café,Bakery,French Restaurant,Bar,Portuguese Restaurant,Bookstore,Burger Joint,Coffee Shop,Japanese Restaurant,Tea Room,Breakfast Spot,Cocktail Bar,South American Restaurant,Middle Eastern Restaurant,Restaurant,Clothing Store,Health Food Store,Vegetarian / Vegan Restaurant,Hardware Store,Gaming Cafe,Record Shop,Greek Restaurant,Church,Pizza Place,Furniture / Home Store,Gym / Fitness Center,Latin American Restaurant,Jazz Club,Pet Café,Cosmetics Shop,Nightclub,Moroccan Restaurant,Indian Restaurant,Mexican Restaurant,Diner,Empanada Restaurant,Lounge,Gastropub,Salvadoran Restaurant,Toy / Game Store,Vietnamese Restaurant,Sandwich Place,Sushi Restaurant,Thai Restaurant,Bus Line,Bank,English Restaurant,Automotive Shop,BBQ Joint,Dumpling Restaurant
40,H3J ,45.48836645,-73.57003100632929, Petite-Bourgogne,6,Restaurant,Italian Restaurant,French Restaurant,BBQ Joint,Pub,Seafood Restaurant,Event Space,Café,Filipino Restaurant,Fried Chicken Joint,Sushi Restaurant,Tapas Restaurant,Basketball Court,Brewery,Gas Station,Thrift / Vintage Store,Gym,Creperie,Park,Gastropub,Cupcake Shop,Coworking Space,Dive Bar,Discount Store,Cuban Restaurant,Diner,Dessert Shop,Dim Sum Restaurant,Department Store,Deli / Bodega,Curling Ice,Currency Exchange,Cycle Studio,Dumpling Restaurant,Drugstore,Yoga Studio,Empanada Restaurant,Furniture / Home Store,Gym / Fitness Center,Grocery Store,Greek Restaurant,Gourmet Shop,Golf Course,Gift Shop,German Restaurant,Gaming Cafe,Food Truck,English Restaurant,Food & Drink Shop,Food
41,H4J ,45.522935000000004,-73.73728805009411, Cartierville Central,5,Park,Dim Sum Restaurant,Farm,Falafel Restaurant,Event Space,English Restaurant,Empanada Restaurant,Dumpling Restaurant,Drugstore,Dive Bar,Discount Store,Diner,Yoga Studio,Convenience Store,Dessert Shop,Department Store,Deli / Bodega,Cycle Studio,Currency Exchange,Curling Ice,Cupcake Shop,Cuban Restaurant,Creperie,Coworking Space,Farmers Market,Fast Food Restaurant,Filipino Restaurant,Fish & Chips Shop,Hawaiian Restaurant,Hardware Store,Harbor / Marina,Gym Pool,Gym / Fitness Center,Gym,Grocery Store,Greek Restaurant,Gourmet Shop,Golf Course,Gift Shop,German Restaurant,Gastropub,Gas Station,Gaming Cafe,Furniture / Home Store,Fried Chicken Joint,French Restaurant,Food Truck,Food & Drink Shop,Food,Cosmetics Shop
42,H7J ,45.6310127,-73.7519982, Auteuil North east,4,Farmers Market,Convenience Store,Coffee Shop,Grocery Store,Pharmacy,Dim Sum Restaurant,Falafel Restaurant,Event Space,English Restaurant,Empanada Restaurant,Dumpling Restaurant,Drugstore,Dive Bar,Discount Store,Diner,Yoga Studio,Dessert Shop,Farm,Deli / Bodega,Cycle Studio,Currency Exchange,Curling Ice,Cupcake Shop,Cuban Restaurant,Creperie,Coworking Space,Department Store,Fast Food Restaurant,Filipino Restaurant,Gift Shop,Hawaiian Restaurant,Hardware Store,Harbor / Marina,Gym Pool,Gym / Fitness Center,Gym,Greek Restaurant,Gourmet Shop,Golf Course,German Restaurant,Fish & Chips Shop,Gastropub,Gas Station,Gaming Cafe,Furniture / Home Store,Fried Chicken Joint,French Restaurant,Food Truck,Food & Drink Shop,Food
43,H9J ,45.4529194,-73.8647559, Kirkland,6,Fast Food Restaurant,Italian Restaurant,Optical Shop,Pizza Place,Big Box Store,Seafood Restaurant,Spa,Medical Center,Gas Station,Bakery,Yoga Studio,Dive Bar,Dumpling Restaurant,Drugstore,Diner,Empanada Restaurant,English Restaurant,Discount Store,Dessert Shop,Dim Sum Restaurant,Falafel Restaurant,Department Store,Deli / Bodega,Cycle Studio,Currency Exchange,Curling Ice,Cupcake Shop,Cuban Restaurant,Creperie,Event Space,Filipino Restaurant,Farm,Farmers Market,Gym Pool,Gym / Fitness Center,Gym,Grocery Store,Greek Restaurant,Gourmet Shop,Golf Course,Gift Shop,German Restaurant,Gastropub,Gaming Cafe,Furniture / Home Store,Fried Chicken Joint,French Restaurant,Food Truck,Food & Drink Shop,Food
44,H1K ,45.6048982,-73.5466723, Anjou East,6,Portuguese Restaurant,Supermarket,Bus Stop,Farmers Market,Falafel Restaurant,Event Space,English Restaurant,Empanada Restaurant,Dumpling Restaurant,Drugstore,Dive Bar,Discount Store,Diner,Dim Sum Restaurant,Dessert Shop,Department Store,Deli / Bodega,Cycle Studio,Currency Exchange,Curling Ice,Cupcake Shop,Cuban Restaurant,Creperie,Coworking Space,Cosmetics Shop,Farm,Fast Food Restaurant,Construction & Landscaping,Filipino Restaurant,Hardware Store,Harbor / Marina,Gym Pool,Gym / Fitness Center,Gym,Grocery Store,Greek Restaurant,Gourmet Shop,Golf Course,Gift Shop,German Restaurant,Gastropub,Gas Station,Gaming Cafe,Furniture / Home Store,Fried Chicken Joint,French Restaurant,Food Truck,Food & Drink Shop,Food,Fish & Chips Shop
45,H3K ,45.4800927,-73.5641763, Pointe-Saint-Charles,6,Cocktail Bar,Pizza Place,Gym,Restaurant,Indian Restaurant,Sports Bar,Caribbean Restaurant,Sushi Restaurant,Bike Rental / Bike Share,Chocolate Shop,Bar,Liquor Store,Café,Hardware Store,Convenience Store,Vietnamese Restaurant,Dive Bar,Drugstore,Discount Store,Dumpling Restaurant,Empanada Restaurant,Yoga Studio,Dessert Shop,Diner,Dim Sum Restaurant,Event Space,Department Store,Deli / Bodega,Cycle Studio,Currency Exchange,Curling Ice,Cupcake Shop,English Restaurant,Fast Food Restaurant,Falafel Restaurant,Farm,Gym Pool,Gym / Fitness Center,Grocery Store,Greek Restaurant,Gourmet Shop,Golf Course,Gift Shop,German Restaurant,Gastropub,Gas Station,Gaming Cafe,Furniture / Home Store,Fried Chicken Joint,French Restaurant
46,H4K ,45.522935000000004,-73.73728805009411, Cartierville South west,5,Park,Dim Sum Restaurant,Farm,Falafel Restaurant,Event Space,English Restaurant,Empanada Restaurant,Dumpling Restaurant,Drugstore,Dive Bar,Discount Store,Diner,Yoga Studio,Convenience Store,Dessert Shop,Department Store,Deli / Bodega,Cycle Studio,Currency Exchange,Curling Ice,Cupcake Shop,Cuban Restaurant,Creperie,Coworking Space,Farmers Market,Fast Food Restaurant,Filipino Restaurant,Fish & Chips Shop,Hawaiian Restaurant,Hardware Store,Harbor / Marina,Gym Pool,Gym / Fitness Center,Gym,Grocery Store,Greek Restaurant,Gourmet Shop,Golf Course,Gift Shop,German Restaurant,Gastropub,Gas Station,Gaming Cafe,Furniture / Home Store,Fried Chicken Joint,French Restaurant,Food Truck,Food & Drink Shop,Food,Cosmetics Shop
47,H7K ,45.6310127,-73.7519982, Auteuil South,4,Farmers Market,Convenience Store,Coffee Shop,Grocery Store,Pharmacy,Dim Sum Restaurant,Falafel Restaurant,Event Space,English Restaurant,Empanada Restaurant,Dumpling Restaurant,Drugstore,Dive Bar,Discount Store,Diner,Yoga Studio,Dessert Shop,Farm,Deli / Bodega,Cycle Studio,Currency Exchange,Curling Ice,Cupcake Shop,Cuban Restaurant,Creperie,Coworking Space,Department Store,Fast Food Restaurant,Filipino Restaurant,Gift Shop,Hawaiian Restaurant,Hardware Store,Harbor / Marina,Gym Pool,Gym / Fitness Center,Gym,Greek Restaurant,Gourmet Shop,Golf Course,German Restaurant,Fish & Chips Shop,Gastropub,Gas Station,Gaming Cafe,Furniture / Home Store,Fried Chicken Joint,French Restaurant,Food Truck,Food & Drink Shop,Food
48,H9K ,45.414543,-73.9603253, Senneville,13,Park,Italian Restaurant,Yoga Studio,Falafel Restaurant,Event Space,English Restaurant,Empanada Restaurant,Dumpling Restaurant,Drugstore,Dive Bar,Discount Store,Diner,Dim Sum Restaurant,Dessert Shop,Farmers Market,Department Store,Deli / Bodega,Cycle Studio,Currency Exchange,Curling Ice,Cupcake Shop,Cuban Restaurant,Creperie,Coworking Space,Farm,Fast Food Restaurant,Convenience Store,Filipino Restaurant,Hardware Store,Harbor / Marina,Gym Pool,Gym / Fitness Center,Gym,Grocery Store,Greek Restaurant,Gourmet Shop,Golf Course,Gift Shop,German Restaurant,Gastropub,Gas Station,Gaming Cafe,Furniture / Home Store,Fried Chicken Joint,French Restaurant,Food Truck,Food & Drink Shop,Food,Fish & Chips Shop,Cosmetics Shop
49,H1L ,45.310444,-73.746051, Mercier North,3,Fast Food Restaurant,Home Service,Sandwich Place,Construction & Landscaping,Coworking Space,Creperie,Falafel Restaurant,Event Space,English Restaurant,Empanada Restaurant,Dumpling Restaurant,Drugstore,Dive Bar,Discount Store,Cosmetics Shop,Diner,Dim Sum Restaurant,Farm,Department Store,Deli / Bodega,Cycle Studio,Currency Exchange,Curling Ice,Cupcake Shop,Cuban Restaurant,Dessert Shop,Yoga Studio,Farmers Market,Filipino Restaurant,Hardware Store,Harbor / Marina,Gym Pool,Gym / Fitness Center,Gym,Grocery Store,Greek Restaurant,Gourmet Shop,Golf Course,Gift Shop,German Restaurant,Gastropub,Gas Station,Gaming Cafe,Furniture / Home Store,Fried Chicken Joint,French Restaurant,Food Truck,Food & Drink Shop,Food,Fish & Chips Shop
50,H2L ,-33.76976025,150.73285139837571, Centre-Sud South,6,Café,Sandwich Place,Yoga Studio,Diner,Falafel Restaurant,Event Space,English Restaurant,Empanada Restaurant,Dumpling Restaurant,Drugstore,Dive Bar,Discount Store,Dim Sum Restaurant,Farmers Market,Dessert Shop,Department Store,Deli / Bodega,Cycle Studio,Currency Exchange,Curling Ice,Cupcake Shop,Cuban Restaurant,Creperie,Coworking Space,Farm,Fast Food Restaurant,Convenience Store,Gift Shop,Hawaiian Restaurant,Hardware Store,Harbor / Marina,Gym Pool,Gym / Fitness Center,Gym,Grocery Store,Greek Restaurant,Gourmet Shop,Golf Course,German Restaurant,Filipino Restaurant,Gastropub,Gas Station,Gaming Cafe,Furniture / Home Store,Fried Chicken Joint,French Restaurant,Food Truck,Food & Drink Shop,Food,Fish & Chips Shop
51,H3L ,45.55930765,-73.65270165067771, Ahuntsic South west,6,Café,Restaurant,Plaza,Vietnamese Restaurant,Pharmacy,Hardware Store,Coffee Shop,Furniture / Home Store,Breakfast Spot,Ice Cream Shop,Fast Food Restaurant,Sausage Shop,Yoga Studio,Discount Store,Dive Bar,Dim Sum Restaurant,Drugstore,Dumpling Restaurant,Diner,Department Store,Dessert Shop,English Restaurant,Deli / Bodega,Cycle Studio,Currency Exchange,Curling Ice,Cupcake Shop,Cuban Restaurant,Creperie,Empanada Restaurant,Farm,Event Space,Falafel Restaurant,Gym Pool,Gym / Fitness Center,Gym,Grocery Store,Greek Restaurant,Gourmet Shop,Golf Course,Gift Shop,German Restaurant,Gastropub,Gas Station,Gaming Cafe,Fried Chicken Joint,French Restaurant,Food Truck,Food & Drink Shop,Food
52,H4L ,45.5088774,-73.6875187, Saint-Laurent  Northeast,11,Italian Restaurant,Pizza Place,Convenience Store,Seafood Restaurant,Greek Restaurant,Sandwich Place,Bank,Thai Restaurant,Dim Sum Restaurant,English Restaurant,Empanada Restaurant,Dumpling Restaurant,Drugstore,Dive Bar,Discount Store,Diner,Yoga Studio,Dessert Shop,Department Store,Falafel Restaurant,Deli / Bodega,Cycle Studio,Currency Exchange,Curling Ice,Cupcake Shop,Cuban Restaurant,Creperie,Coworking Space,Event Space,Fast Food Restaurant,Farm,Gastropub,Harbor / Marina,Gym Pool,Gym / Fitness Center,Gym,Grocery Store,Gourmet Shop,Golf Course,Gift Shop,German Restaurant,Gas Station,Farmers Market,Gaming Cafe,Furniture / Home Store,Fried Chicken Joint,French Restaurant,Food Truck,Food & Drink Shop,Food
53,H7L ,45.6252619,-73.7644341, Sainte-Rose,13,Skating Rink,Train Station,Park,Dessert Shop,Falafel Restaurant,Event Space,English Restaurant,Empanada Restaurant,Dumpling Restaurant,Drugstore,Dive Bar,Discount Store,Diner,Dim Sum Restaurant,Yoga Studio,Farm,Deli / Bodega,Cycle Studio,Currency Exchange,Curling Ice,Cupcake Shop,Cuban Restaurant,Creperie,Coworking Space,Cosmetics Shop,Department Store,Farmers Market,Construction & Landscaping,German Restaurant,Hardware Store,Harbor / Marina,Gym Pool,Gym / Fitness Center,Gym,Grocery Store,Greek Restaurant,Gourmet Shop,Golf Course,Gift Shop,Gastropub,Fast Food Restaurant,Gas Station,Gaming Cafe,Furniture / Home Store,Fried Chicken Joint,French Restaurant,Food Truck,Food & Drink Shop,Food,Fish & Chips Shop
55,H1M ,45.310444,-73.746051, Mercier West,3,Fast Food Restaurant,Home Service,Sandwich Place,Construction & Landscaping,Coworking Space,Creperie,Falafel Restaurant,Event Space,English Restaurant,Empanada Restaurant,Dumpling Restaurant,Drugstore,Dive Bar,Discount Store,Cosmetics Shop,Diner,Dim Sum Restaurant,Farm,Department Store,Deli / Bodega,Cycle Studio,Currency Exchange,Curling Ice,Cupcake Shop,Cuban Restaurant,Dessert Shop,Yoga Studio,Farmers Market,Filipino Restaurant,Hardware Store,Harbor / Marina,Gym Pool,Gym / Fitness Center,Gym,Grocery Store,Greek Restaurant,Gourmet Shop,Golf Course,Gift Shop,German Restaurant,Gastropub,Gas Station,Gaming Cafe,Furniture / Home Store,Fried Chicken Joint,French Restaurant,Food Truck,Food & Drink Shop,Food,Fish & Chips Shop
56,H2M ,45.55930765,-73.65270165067771, Ahuntsic East,6,Café,Restaurant,Plaza,Vietnamese Restaurant,Pharmacy,Hardware Store,Coffee Shop,Furniture / Home Store,Breakfast Spot,Ice Cream Shop,Fast Food Restaurant,Sausage Shop,Yoga Studio,Discount Store,Dive Bar,Dim Sum Restaurant,Drugstore,Dumpling Restaurant,Diner,Department Store,Dessert Shop,English Restaurant,Deli / Bodega,Cycle Studio,Currency Exchange,Curling Ice,Cupcake Shop,Cuban Restaurant,Creperie,Empanada Restaurant,Farm,Event Space,Falafel Restaurant,Gym Pool,Gym / Fitness Center,Gym,Grocery Store,Greek Restaurant,Gourmet Shop,Golf Course,Gift Shop,German Restaurant,Gastropub,Gas Station,Gaming Cafe,Fried Chicken Joint,French Restaurant,Food Truck,Food & Drink Shop,Food
57,H3M ,45.522935000000004,-73.73728805009411, Cartierville Northeast,5,Park,Dim Sum Restaurant,Farm,Falafel Restaurant,Event Space,English Restaurant,Empanada Restaurant,Dumpling Restaurant,Drugstore,Dive Bar,Discount Store,Diner,Yoga Studio,Convenience Store,Dessert Shop,Department Store,Deli / Bodega,Cycle Studio,Currency Exchange,Curling Ice,Cupcake Shop,Cuban Restaurant,Creperie,Coworking Space,Farmers Market,Fast Food Restaurant,Filipino Restaurant,Fish & Chips Shop,Hawaiian Restaurant,Hardware Store,Harbor / Marina,Gym Pool,Gym / Fitness Center,Gym,Grocery Store,Greek Restaurant,Gourmet Shop,Golf Course,Gift Shop,German Restaurant,Gastropub,Gas Station,Gaming Cafe,Furniture / Home Store,Fried Chicken Joint,French Restaurant,Food Truck,Food & Drink Shop,Food,Cosmetics Shop
58,H4M ,45.5088774,-73.6875187, Saint-Laurent East,11,Italian Restaurant,Pizza Place,Convenience Store,Seafood Restaurant,Greek Restaurant,Sandwich Place,Bank,Thai Restaurant,Dim Sum Restaurant,English Restaurant,Empanada Restaurant,Dumpling Restaurant,Drugstore,Dive Bar,Discount Store,Diner,Yoga Studio,Dessert Shop,Department Store,Falafel Restaurant,Deli / Bodega,Cycle Studio,Currency Exchange,Curling Ice,Cupcake Shop,Cuban Restaurant,Creperie,Coworking Space,Event Space,Fast Food Restaurant,Farm,Gastropub,Harbor / Marina,Gym Pool,Gym / Fitness Center,Gym,Grocery Store,Gourmet Shop,Golf Course,Gift Shop,German Restaurant,Gas Station,Farmers Market,Gaming Cafe,Furniture / Home Store,Fried Chicken Joint,French Restaurant,Food Truck,Food & Drink Shop,Food
59,H7M ,45.60396,-73.7428423, Vimont,6,Train Station,Automotive Shop,Yoga Studio,Dim Sum Restaurant,Farm,Falafel Restaurant,Event Space,English Restaurant,Empanada Restaurant,Dumpling Restaurant,Drugstore,Dive Bar,Discount Store,Diner,Dessert Shop,Fast Food Restaurant,Department Store,Deli / Bodega,Cycle Studio,Currency Exchange,Curling Ice,Cupcake Shop,Cuban Restaurant,Creperie,Coworking Space,Farmers Market,Fish & Chips Shop,Filipino Restaurant,Convenience Store,Hawaiian Restaurant,Hardware Store,Harbor / Marina,Gym Pool,Gym / Fitness Center,Gym,Grocery Store,Greek Restaurant,Gourmet Shop,Golf Course,Gift Shop,German Restaurant,Gastropub,Gas Station,Gaming Cafe,Furniture / Home Store,Fried Chicken Joint,French Restaurant,Food Truck,Food & Drink Shop,Food
60,H1N ,45.310444,-73.746051, Mercier Southeast,3,Fast Food Restaurant,Home Service,Sandwich Place,Construction & Landscaping,Coworking Space,Creperie,Falafel Restaurant,Event Space,English Restaurant,Empanada Restaurant,Dumpling Restaurant,Drugstore,Dive Bar,Discount Store,Cosmetics Shop,Diner,Dim Sum Restaurant,Farm,Department Store,Deli / Bodega,Cycle Studio,Currency Exchange,Curling Ice,Cupcake Shop,Cuban Restaurant,Dessert Shop,Yoga Studio,Farmers Market,Filipino Restaurant,Hardware Store,Harbor / Marina,Gym Pool,Gym / Fitness Center,Gym,Grocery Store,Greek Restaurant,Gourmet Shop,Golf Course,Gift Shop,German Restaurant,Gastropub,Gas Station,Gaming Cafe,Furniture / Home Store,Fried Chicken Joint,French Restaurant,Food Truck,Food & Drink Shop,Food,Fish & Chips Shop
61,H2N ,45.55930765,-73.65270165067771, Ahuntsic Southeast,6,Café,Restaurant,Plaza,Vietnamese Restaurant,Pharmacy,Hardware Store,Coffee Shop,Furniture / Home Store,Breakfast Spot,Ice Cream Shop,Fast Food Restaurant,Sausage Shop,Yoga Studio,Discount Store,Dive Bar,Dim Sum Restaurant,Drugstore,Dumpling Restaurant,Diner,Department Store,Dessert Shop,English Restaurant,Deli / Bodega,Cycle Studio,Currency Exchange,Curling Ice,Cupcake Shop,Cuban Restaurant,Creperie,Empanada Restaurant,Farm,Event Space,Falafel Restaurant,Gym Pool,Gym / Fitness Center,Gym,Grocery Store,Greek Restaurant,Gourmet Shop,Golf Course,Gift Shop,German Restaurant,Gastropub,Gas Station,Gaming Cafe,Fried Chicken Joint,French Restaurant,Food Truck,Food & Drink Shop,Food
62,H3N ,45.52916265,-73.62996728484705, Parc-Extension,6,Tennis Court,Greek Restaurant,Café,Bank,Bakery,Bus Line,Currency Exchange,Cycle Studio,Farm,Falafel Restaurant,Event Space,English Restaurant,Creperie,Empanada Restaurant,Dumpling Restaurant,Drugstore,Dive Bar,Discount Store,Diner,Dim Sum Restaurant,Farmers Market,Dessert Shop,Department Store,Cuban Restaurant,Cupcake Shop,Curling Ice,Deli / Bodega,Yoga Studio,Fish & Chips Shop,Fast Food Restaurant,Filipino Restaurant,Hawaiian Restaurant,Hardware Store,Harbor / Marina,Gym Pool,Gym / Fitness Center,Gym,Grocery Store,Gourmet Shop,Golf Course,Gift Shop,German Restaurant,Gastropub,Gas Station,Gaming Cafe,Furniture / Home Store,Fried Chicken Joint,French Restaurant,Food Truck,Food & Drink Shop
63,H4N ,45.5088774,-73.6875187, Saint-Laurent Northeast,11,Italian Restaurant,Pizza Place,Convenience Store,Seafood Restaurant,Greek Restaurant,Sandwich Place,Bank,Thai Restaurant,Dim Sum Restaurant,English Restaurant,Empanada Restaurant,Dumpling Restaurant,Drugstore,Dive Bar,Discount Store,Diner,Yoga Studio,Dessert Shop,Department Store,Falafel Restaurant,Deli / Bodega,Cycle Studio,Currency Exchange,Curling Ice,Cupcake Shop,Cuban Restaurant,Creperie,Coworking Space,Event Space,Fast Food Restaurant,Farm,Gastropub,Harbor / Marina,Gym Pool,Gym / Fitness Center,Gym,Grocery Store,Gourmet Shop,Golf Course,Gift Shop,German Restaurant,Gas Station,Farmers Market,Gaming Cafe,Furniture / Home Store,Fried Chicken Joint,French Restaurant,Food Truck,Food & Drink Shop,Food
64,H7N ,45.5564172,-73.7005593, Laval-des-Rapides,4,Fast Food Restaurant,Grocery Store,Music Store,Convenience Store,Cuban Restaurant,Cupcake Shop,Farm,Falafel Restaurant,Event Space,Coworking Space,English Restaurant,Empanada Restaurant,Dumpling Restaurant,Drugstore,Dive Bar,Discount Store,Diner,Farmers Market,Dessert Shop,Department Store,Deli / Bodega,Cycle Studio,Creperie,Currency Exchange,Curling Ice,Dim Sum Restaurant,Yoga Studio,Filipino Restaurant,Gift Shop,Hawaiian Restaurant,Hardware Store,Harbor / Marina,Gym Pool,Gym / Fitness Center,Gym,Greek Restaurant,Gourmet Shop,Golf Course,German Restaurant,Fish & Chips Shop,Gastropub,Gas Station,Gaming Cafe,Furniture / Home Store,Fried Chicken Joint,French Restaurant,Food Truck,Food & Drink Shop,Food,Cosmetics Shop
65,H8N ,45.4325141,-73.6292667, LaSalle Northwest,6,Fast Food Restaurant,Pharmacy,Bank,Coffee Shop,Italian Restaurant,Indian Restaurant,Optical Shop,Chinese Restaurant,Gym / Fitness Center,Bookstore,Furniture / Home Store,Department Store,Café,Discount Store,Restaurant,Pet Store,Grocery Store,Bakery,BBQ Joint,Sandwich Place,Middle Eastern Restaurant,Dumpling Restaurant,Drugstore,Dive Bar,Cupcake Shop,Dessert Shop,Diner,Dim Sum Restaurant,Curling Ice,Deli / Bodega,Cycle Studio,Currency Exchange,Empanada Restaurant,Yoga Studio,English Restaurant,Event Space,Gym,Greek Restaurant,Gourmet Shop,Golf Course,Gift Shop,German Restaurant,Gastropub,Gas Station,Gaming Cafe,Fried Chicken Joint,French Restaurant,Food Truck,Food & Drink Shop,Food
66,H1P ,45.58671,-73.5969488, Saint-Léonard North,12,Dessert Shop,Hockey Arena,Drugstore,Discount Store,Dim Sum Restaurant,Farm,Falafel Restaurant,Event Space,English Restaurant,Empanada Restaurant,Dumpling Restaurant,Dive Bar,Diner,Yoga Studio,Fast Food Restaurant,Department Store,Deli / Bodega,Cycle Studio,Currency Exchange,Curling Ice,Cupcake Shop,Cuban Restaurant,Creperie,Coworking Space,Farmers Market,Filipino Restaurant,Convenience Store,Fish & Chips Shop,Hawaiian Restaurant,Hardware Store,Harbor / Marina,Gym Pool,Gym / Fitness Center,Gym,Grocery Store,Greek Restaurant,Gourmet Shop,Golf Course,Gift Shop,German Restaurant,Gastropub,Gas Station,Gaming Cafe,Furniture / Home Store,Fried Chicken Joint,French Restaurant,Food Truck,Food & Drink Shop,Food,Cosmetics Shop
67,H2P ,45.558557050000005,-73.61199601529296, Villeray West,0,Park,Pizza Place,Diner,Restaurant,Theater,Department Store,English Restaurant,Empanada Restaurant,Dumpling Restaurant,Drugstore,Dive Bar,Discount Store,Dim Sum Restaurant,Dessert Shop,Yoga Studio,Deli / Bodega,Falafel Restaurant,Cycle Studio,Currency Exchange,Curling Ice,Cupcake Shop,Cuban Restaurant,Creperie,Coworking Space,Cosmetics Shop,Event Space,Farm,Construction & Landscaping,Gastropub,Harbor / Marina,Gym Pool,Gym / Fitness Center,Gym,Grocery Store,Greek Restaurant,Gourmet Shop,Golf Course,Gift Shop,German Restaurant,Gas Station,Farmers Market,Gaming Cafe,Furniture / Home Store,Fried Chicken Joint,French Restaurant,Food Truck,Food & Drink Shop,Food,Fish & Chips Shop,Filipino Restaurant
68,H3P ,45.5086157,-73.5903112, Mount Royal North,9,Monument / Landmark,Scenic Lookout,Trail,Café,Diner,Falafel Restaurant,Event Space,English Restaurant,Empanada Restaurant,Dumpling Restaurant,Drugstore,Dive Bar,Discount Store,Yoga Studio,Farm,Dessert Shop,Department Store,Deli / Bodega,Cycle Studio,Currency Exchange,Curling Ice,Cupcake Shop,Cuban Restaurant,Creperie,Coworking Space,Dim Sum Restaurant,Farmers Market,Convenience Store,German Restaurant,Hardware Store,Harbor / Marina,Gym Pool,Gym / Fitness Center,Gym,Grocery Store,Greek Restaurant,Gourmet Shop,Golf Course,Gift Shop,Gastropub,Fast Food Restaurant,Gas Station,Gaming Cafe,Furniture / Home Store,Fried Chicken Joint,French Restaurant,Food Truck,Food & Drink Shop,Food,Fish & Chips Shop
69,H4P ,45.5086157,-73.5903112, Mount Royal South,9,Monument / Landmark,Scenic Lookout,Trail,Café,Diner,Falafel Restaurant,Event Space,English Restaurant,Empanada Restaurant,Dumpling Restaurant,Drugstore,Dive Bar,Discount Store,Yoga Studio,Farm,Dessert Shop,Department Store,Deli / Bodega,Cycle Studio,Currency Exchange,Curling Ice,Cupcake Shop,Cuban Restaurant,Creperie,Coworking Space,Dim Sum Restaurant,Farmers Market,Convenience Store,German Restaurant,Hardware Store,Harbor / Marina,Gym Pool,Gym / Fitness Center,Gym,Grocery Store,Greek Restaurant,Gourmet Shop,Golf Course,Gift Shop,Gastropub,Fast Food Restaurant,Gas Station,Gaming Cafe,Furniture / Home Store,Fried Chicken Joint,French Restaurant,Food Truck,Food & Drink Shop,Food,Fish & Chips Shop
70,H7P ,45.5677099,-73.8433046, Fabreville,10,Cosmetics Shop,Yoga Studio,Dim Sum Restaurant,Farm,Falafel Restaurant,Event Space,English Restaurant,Empanada Restaurant,Dumpling Restaurant,Drugstore,Dive Bar,Discount Store,Diner,Dessert Shop,Historic Site,Department Store,Deli / Bodega,Cycle Studio,Currency Exchange,Curling Ice,Cupcake Shop,Cuban Restaurant,Creperie,Coworking Space,Farmers Market,Fast Food Restaurant,Filipino Restaurant,Fish & Chips Shop,Hawaiian Restaurant,Hardware Store,Harbor / Marina,Gym Pool,Gym / Fitness Center,Gym,Grocery Store,Greek Restaurant,Gourmet Shop,Golf Course,Gift Shop,German Restaurant,Gastropub,Gas Station,Gaming Cafe,Furniture / Home Store,Fried Chicken Joint,French Restaurant,Food Truck,Food & Drink Shop,Food,Convenience Store
71,H8P ,45.4325141,-73.6292667, LaSalle Southeast,6,Fast Food Restaurant,Pharmacy,Bank,Coffee Shop,Italian Restaurant,Indian Restaurant,Optical Shop,Chinese Restaurant,Gym / Fitness Center,Bookstore,Furniture / Home Store,Department Store,Café,Discount Store,Restaurant,Pet Store,Grocery Store,Bakery,BBQ Joint,Sandwich Place,Middle Eastern Restaurant,Dumpling Restaurant,Drugstore,Dive Bar,Cupcake Shop,Dessert Shop,Diner,Dim Sum Restaurant,Curling Ice,Deli / Bodega,Cycle Studio,Currency Exchange,Empanada Restaurant,Yoga Studio,English Restaurant,Event Space,Gym,Greek Restaurant,Gourmet Shop,Golf Course,Gift Shop,German Restaurant,Gastropub,Gas Station,Gaming Cafe,Fried Chicken Joint,French Restaurant,Food Truck,Food & Drink Shop,Food
72,H9P ,45.4453082,-73.7510888, Dorval,6,Hotel,Convenience Store,Bank,Sushi Restaurant,Rental Car Location,Recreation Center,Gas Station,Park,Bar,Fast Food Restaurant,Coffee Shop,Sandwich Place,Pizza Place,Grocery Store,Middle Eastern Restaurant,Department Store,Discount Store,Diner,Dim Sum Restaurant,Dive Bar,Dessert Shop,Cycle Studio,Deli / Bodega,Dumpling Restaurant,Currency Exchange,Curling Ice,Cupcake Shop,Cuban Restaurant,Creperie,Coworking Space,Cosmetics Shop,Drugstore,Yoga Studio,Empanada Restaurant,Furniture / Home Store,Gym / Fitness Center,Gym,Greek Restaurant,Gourmet Shop,Golf Course,Gift Shop,German Restaurant,Gastropub,Gaming Cafe,Fried Chicken Joint,English Restaurant,French Restaurant,Food Truck,Food & Drink Shop,Food
73,H1R ,45.58671,-73.5969488, Saint-Léonard West,12,Dessert Shop,Hockey Arena,Drugstore,Discount Store,Dim Sum Restaurant,Farm,Falafel Restaurant,Event Space,English Restaurant,Empanada Restaurant,Dumpling Restaurant,Dive Bar,Diner,Yoga Studio,Fast Food Restaurant,Department Store,Deli / Bodega,Cycle Studio,Currency Exchange,Curling Ice,Cupcake Shop,Cuban Restaurant,Creperie,Coworking Space,Farmers Market,Filipino Restaurant,Convenience Store,Fish & Chips Shop,Hawaiian Restaurant,Hardware Store,Harbor / Marina,Gym Pool,Gym / Fitness Center,Gym,Grocery Store,Greek Restaurant,Gourmet Shop,Golf Course,Gift Shop,German Restaurant,Gastropub,Gas Station,Gaming Cafe,Furniture / Home Store,Fried Chicken Joint,French Restaurant,Food Truck,Food & Drink Shop,Food,Cosmetics Shop
74,H2R ,45.558557050000005,-73.61199601529296, Villeray Southeast,0,Park,Pizza Place,Diner,Restaurant,Theater,Department Store,English Restaurant,Empanada Restaurant,Dumpling Restaurant,Drugstore,Dive Bar,Discount Store,Dim Sum Restaurant,Dessert Shop,Yoga Studio,Deli / Bodega,Falafel Restaurant,Cycle Studio,Currency Exchange,Curling Ice,Cupcake Shop,Cuban Restaurant,Creperie,Coworking Space,Cosmetics Shop,Event Space,Farm,Construction & Landscaping,Gastropub,Harbor / Marina,Gym Pool,Gym / Fitness Center,Gym,Grocery Store,Greek Restaurant,Gourmet Shop,Golf Course,Gift Shop,German Restaurant,Gas Station,Farmers Market,Gaming Cafe,Furniture / Home Store,Fried Chicken Joint,French Restaurant,Food Truck,Food & Drink Shop,Food,Fish & Chips Shop,Filipino Restaurant
75,H3R ,45.5086157,-73.5903112, Mount Royal Central,9,Monument / Landmark,Scenic Lookout,Trail,Café,Diner,Falafel Restaurant,Event Space,English Restaurant,Empanada Restaurant,Dumpling Restaurant,Drugstore,Dive Bar,Discount Store,Yoga Studio,Farm,Dessert Shop,Department Store,Deli / Bodega,Cycle Studio,Currency Exchange,Curling Ice,Cupcake Shop,Cuban Restaurant,Creperie,Coworking Space,Dim Sum Restaurant,Farmers Market,Convenience Store,German Restaurant,Hardware Store,Harbor / Marina,Gym Pool,Gym / Fitness Center,Gym,Grocery Store,Greek Restaurant,Gourmet Shop,Golf Course,Gift Shop,Gastropub,Fast Food Restaurant,Gas Station,Gaming Cafe,Furniture / Home Store,Fried Chicken Joint,French Restaurant,Food Truck,Food & Drink Shop,Food,Fish & Chips Shop
76,H4R ,45.5088774,-73.6875187, Saint-Laurent Central,11,Italian Restaurant,Pizza Place,Convenience Store,Seafood Restaurant,Greek Restaurant,Sandwich Place,Bank,Thai Restaurant,Dim Sum Restaurant,English Restaurant,Empanada Restaurant,Dumpling Restaurant,Drugstore,Dive Bar,Discount Store,Diner,Yoga Studio,Dessert Shop,Department Store,Falafel Restaurant,Deli / Bodega,Cycle Studio,Currency Exchange,Curling Ice,Cupcake Shop,Cuban Restaurant,Creperie,Coworking Space,Event Space,Fast Food Restaurant,Farm,Gastropub,Harbor / Marina,Gym Pool,Gym / Fitness Center,Gym,Grocery Store,Gourmet Shop,Golf Course,Gift Shop,German Restaurant,Gas Station,Farmers Market,Gaming Cafe,Furniture / Home Store,Fried Chicken Joint,French Restaurant,Food Truck,Food & Drink Shop,Food
77,H7R ,45.5248454,-73.8793845, Laval-sur-le-Lac,6,Harbor / Marina,Athletics & Sports,Soccer Field,Yoga Studio,Diner,Farm,Falafel Restaurant,Event Space,English Restaurant,Empanada Restaurant,Dumpling Restaurant,Drugstore,Dive Bar,Discount Store,Dessert Shop,Dim Sum Restaurant,Department Store,Deli / Bodega,Cycle Studio,Currency Exchange,Curling Ice,Cupcake Shop,Cuban Restaurant,Creperie,Coworking Space,Farmers Market,Filipino Restaurant,Fast Food Restaurant,Convenience Store,Hawaiian Restaurant,Hardware Store,Gym Pool,Gym / Fitness Center,Gym,Grocery Store,Greek Restaurant,Gourmet Shop,Golf Course,Gift Shop,German Restaurant,Gastropub,Gas Station,Gaming Cafe,Furniture / Home Store,Fried Chicken Joint,French Restaurant,Food Truck,Food & Drink Shop,Food,Fish & Chips Shop
78,H9R ,45.4566767,-73.8067442, Pointe-Claire,13,Convenience Store,Train,Park,Coworking Space,Dim Sum Restaurant,Falafel Restaurant,Event Space,English Restaurant,Empanada Restaurant,Dumpling Restaurant,Drugstore,Dive Bar,Discount Store,Diner,Dessert Shop,Creperie,Farmers Market,Department Store,Deli / Bodega,Cycle Studio,Currency Exchange,Curling Ice,Cosmetics Shop,Cupcake Shop,Cuban Restaurant,Farm,Yoga Studio,Construction & Landscaping,Filipino Restaurant,Hardware Store,Harbor / Marina,Gym Pool,Gym / Fitness Center,Gym,Grocery Store,Greek Restaurant,Gourmet Shop,Golf Course,Gift Shop,German Restaurant,Gastropub,Gas Station,Gaming Cafe,Furniture / Home Store,Fried Chicken Joint,French Restaurant,Food Truck,Food & Drink Shop,Food,Fish & Chips Shop
79,H1S ,45.58671,-73.5969488, Saint-Léonard Southeast,12,Dessert Shop,Hockey Arena,Drugstore,Discount Store,Dim Sum Restaurant,Farm,Falafel Restaurant,Event Space,English Restaurant,Empanada Restaurant,Dumpling Restaurant,Dive Bar,Diner,Yoga Studio,Fast Food Restaurant,Department Store,Deli / Bodega,Cycle Studio,Currency Exchange,Curling Ice,Cupcake Shop,Cuban Restaurant,Creperie,Coworking Space,Farmers Market,Filipino Restaurant,Convenience Store,Fish & Chips Shop,Hawaiian Restaurant,Hardware Store,Harbor / Marina,Gym Pool,Gym / Fitness Center,Gym,Grocery Store,Greek Restaurant,Gourmet Shop,Golf Course,Gift Shop,German Restaurant,Gastropub,Gas Station,Gaming Cafe,Furniture / Home Store,Fried Chicken Joint,French Restaurant,Food Truck,Food & Drink Shop,Food,Cosmetics Shop
80,H2S ,45.5507465,-73.5822897, Petite-Patrie Southwest,4,Grocery Store,Shopping Plaza,Pizza Place,Pharmacy,Ice Cream Shop,Sandwich Place,Yoga Studio,Dim Sum Restaurant,English Restaurant,Empanada Restaurant,Dumpling Restaurant,Drugstore,Dive Bar,Discount Store,Diner,Deli / Bodega,Dessert Shop,Department Store,Falafel Restaurant,Cycle Studio,Currency Exchange,Curling Ice,Cupcake Shop,Cuban Restaurant,Creperie,Coworking Space,Event Space,Farm,Convenience Store,Farmers Market,Harbor / Marina,Gym Pool,Gym / Fitness Center,Gym,Greek Restaurant,Gourmet Shop,Golf Course,Gift Shop,German Restaurant,Gastropub,Gas Station,Gaming Cafe,Furniture / Home Store,Fried Chicken Joint,French Restaurant,Food Truck,Food & Drink Shop,Food,Fish & Chips Shop,Filipino Restaurant
81,H3S ,45.4988496,-73.6239598, Côte-des-Neiges North,6,Coffee Shop,Middle Eastern Restaurant,Restaurant,Fast Food Restaurant,Bakery,Bar,Vietnamese Restaurant,Café,Farmers Market,Bookstore,Breakfast Spot,Liquor Store,Burger Joint,Grocery Store,Chinese Restaurant,Bus Station,Pub,Sandwich Place,English Restaurant,Butcher,Russian Restaurant,Cambodian Restaurant,Discount Store,Ramen Restaurant,Bank,Convenience Store,Supermarket,Sushi Restaurant,French Restaurant,Hotel,Park,Thai Restaurant,Mediterranean Restaurant,Pharmacy,Gift Shop,Drugstore,Curling Ice,Currency Exchange,Diner,Cycle Studio,Deli / Bodega,Department Store,Dessert Shop,Dive Bar,Dim Sum Restaurant,Falafel Restaurant,Dumpling Restaurant,Empanada Restaurant,Greek Restaurant,Gourmet Shop
82,H4S ,45.5088774,-73.6875187, Saint-Laurent Southwest,11,Italian Restaurant,Pizza Place,Convenience Store,Seafood Restaurant,Greek Restaurant,Sandwich Place,Bank,Thai Restaurant,Dim Sum Restaurant,English Restaurant,Empanada Restaurant,Dumpling Restaurant,Drugstore,Dive Bar,Discount Store,Diner,Yoga Studio,Dessert Shop,Department Store,Falafel Restaurant,Deli / Bodega,Cycle Studio,Currency Exchange,Curling Ice,Cupcake Shop,Cuban Restaurant,Creperie,Coworking Space,Event Space,Fast Food Restaurant,Farm,Gastropub,Harbor / Marina,Gym Pool,Gym / Fitness Center,Gym,Grocery Store,Gourmet Shop,Golf Course,Gift Shop,German Restaurant,Gas Station,Farmers Market,Gaming Cafe,Furniture / Home Store,Fried Chicken Joint,French Restaurant,Food Truck,Food & Drink Shop,Food
83,H7S ,45.5384715,-73.7427541, Chomedey Northeast,6,Middle Eastern Restaurant,Sushi Restaurant,Falafel Restaurant,Hookah Bar,Grocery Store,Drugstore,Thrift / Vintage Store,Dim Sum Restaurant,Event Space,English Restaurant,Empanada Restaurant,Dumpling Restaurant,Dive Bar,Discount Store,Diner,Yoga Studio,Dessert Shop,Farm,Deli / Bodega,Cycle Studio,Currency Exchange,Curling Ice,Cupcake Shop,Cuban Restaurant,Creperie,Coworking Space,Cosmetics Shop,Department Store,Fast Food Restaurant,Farmers Market,Gastropub,Harbor / Marina,Gym Pool,Gym / Fitness Center,Gym,Greek Restaurant,Gourmet Shop,Golf Course,Gift Shop,German Restaurant,Gas Station,Construction & Landscaping,Gaming Cafe,Furniture / Home Store,Fried Chicken Joint,French Restaurant,Food Truck,Food & Drink Shop,Food,Fish & Chips Shop
84,H8S ,45.4486762,-73.7112039, Lachine East,6,Construction & Landscaping,German Restaurant,Train Station,Business Service,Falafel Restaurant,Event Space,English Restaurant,Empanada Restaurant,Dumpling Restaurant,Drugstore,Dive Bar,Discount Store,Diner,Dim Sum Restaurant,Dessert Shop,Farmers Market,Department Store,Deli / Bodega,Cycle Studio,Currency Exchange,Curling Ice,Cupcake Shop,Cuban Restaurant,Creperie,Coworking Space,Cosmetics Shop,Farm,Yoga Studio,Convenience Store,Filipino Restaurant,Hawaiian Restaurant,Hardware Store,Harbor / Marina,Gym Pool,Gym / Fitness Center,Gym,Grocery Store,Greek Restaurant,Gourmet Shop,Golf Course,Gift Shop,Gastropub,Gas Station,Gaming Cafe,Furniture / Home Store,Fried Chicken Joint,French Restaurant,Food Truck,Food & Drink Shop,Food
85,H9S ,45.4322014,-73.74201216135505,LÎle-Dorval,8,Boat or Ferry,Yoga Studio,Diner,Farm,Falafel Restaurant,Event Space,English Restaurant,Empanada Restaurant,Dumpling Restaurant,Drugstore,Dive Bar,Discount Store,Dim Sum Restaurant,Fast Food Restaurant,Dessert Shop,Department Store,Deli / Bodega,Cycle Studio,Currency Exchange,Curling Ice,Cupcake Shop,Cuban Restaurant,Creperie,Coworking Space,Farmers Market,Filipino Restaurant,Convenience Store,Fish & Chips Shop,Hawaiian Restaurant,Hardware Store,Harbor / Marina,Gym Pool,Gym / Fitness Center,Gym,Grocery Store,Greek Restaurant,Gourmet Shop,Golf Course,Gift Shop,German Restaurant,Gastropub,Gas Station,Gaming Cafe,Furniture / Home Store,Fried Chicken Joint,French Restaurant,Food Truck,Food & Drink Shop,Food,Cosmetics Shop
86,H1T ,45.5314955,-73.5973383, Rosemont North,6,Café,Coffee Shop,Restaurant,Bar,Clothing Store,French Restaurant,Print Shop,Supermarket,Ice Cream Shop,Climbing Gym,Tapas Restaurant,Portuguese Restaurant,Pizza Place,Asian Restaurant,Trail,Pet Store,Vegetarian / Vegan Restaurant,Vietnamese Restaurant,Gym,Bookstore,Discount Store,Department Store,Dive Bar,Diner,Dim Sum Restaurant,Dessert Shop,Yoga Studio,Deli / Bodega,Cycle Studio,Currency Exchange,Dumpling Restaurant,Curling Ice,Cupcake Shop,Cuban Restaurant,Creperie,Drugstore,Farmers Market,Empanada Restaurant,English Restaurant,Grocery Store,Greek Restaurant,Gourmet Shop,Golf Course,Gift Shop,German Restaurant,Gastropub,Gas Station,Gaming Cafe,Furniture / Home Store,Fried Chicken Joint
87,H2T ,45.5218361,-73.5821731, Plateau Mont-Royal West,6,Café,Bakery,French Restaurant,Bar,Portuguese Restaurant,Bookstore,Burger Joint,Coffee Shop,Japanese Restaurant,Tea Room,Breakfast Spot,Cocktail Bar,South American Restaurant,Middle Eastern Restaurant,Restaurant,Clothing Store,Health Food Store,Vegetarian / Vegan Restaurant,Hardware Store,Gaming Cafe,Record Shop,Greek Restaurant,Church,Pizza Place,Furniture / Home Store,Gym / Fitness Center,Latin American Restaurant,Jazz Club,Pet Café,Cosmetics Shop,Nightclub,Moroccan Restaurant,Indian Restaurant,Mexican Restaurant,Diner,Empanada Restaurant,Lounge,Gastropub,Salvadoran Restaurant,Toy / Game Store,Vietnamese Restaurant,Sandwich Place,Sushi Restaurant,Thai Restaurant,Bus Line,Bank,English Restaurant,Automotive Shop,BBQ Joint,Dumpling Restaurant
88,H3T ,45.4988496,-73.6239598, Côte-des-Neiges Northeast,6,Coffee Shop,Middle Eastern Restaurant,Restaurant,Fast Food Restaurant,Bakery,Bar,Vietnamese Restaurant,Café,Farmers Market,Bookstore,Breakfast Spot,Liquor Store,Burger Joint,Grocery Store,Chinese Restaurant,Bus Station,Pub,Sandwich Place,English Restaurant,Butcher,Russian Restaurant,Cambodian Restaurant,Discount Store,Ramen Restaurant,Bank,Convenience Store,Supermarket,Sushi Restaurant,French Restaurant,Hotel,Park,Thai Restaurant,Mediterranean Restaurant,Pharmacy,Gift Shop,Drugstore,Curling Ice,Currency Exchange,Diner,Cycle Studio,Deli / Bodega,Department Store,Dessert Shop,Dive Bar,Dim Sum Restaurant,Falafel Restaurant,Dumpling Restaurant,Empanada Restaurant,Greek Restaurant,Gourmet Shop
89,H4T ,45.5088774,-73.6875187, Saint-Laurent Southeast,11,Italian Restaurant,Pizza Place,Convenience Store,Seafood Restaurant,Greek Restaurant,Sandwich Place,Bank,Thai Restaurant,Dim Sum Restaurant,English Restaurant,Empanada Restaurant,Dumpling Restaurant,Drugstore,Dive Bar,Discount Store,Diner,Yoga Studio,Dessert Shop,Department Store,Falafel Restaurant,Deli / Bodega,Cycle Studio,Currency Exchange,Curling Ice,Cupcake Shop,Cuban Restaurant,Creperie,Coworking Space,Event Space,Fast Food Restaurant,Farm,Gastropub,Harbor / Marina,Gym Pool,Gym / Fitness Center,Gym,Grocery Store,Gourmet Shop,Golf Course,Gift Shop,German Restaurant,Gas Station,Farmers Market,Gaming Cafe,Furniture / Home Store,Fried Chicken Joint,French Restaurant,Food Truck,Food & Drink Shop,Food
90,H7T ,45.5384715,-73.7427541, Chomedey Northwest,6,Middle Eastern Restaurant,Sushi Restaurant,Falafel Restaurant,Hookah Bar,Grocery Store,Drugstore,Thrift / Vintage Store,Dim Sum Restaurant,Event Space,English Restaurant,Empanada Restaurant,Dumpling Restaurant,Dive Bar,Discount Store,Diner,Yoga Studio,Dessert Shop,Farm,Deli / Bodega,Cycle Studio,Currency Exchange,Curling Ice,Cupcake Shop,Cuban Restaurant,Creperie,Coworking Space,Cosmetics Shop,Department Store,Fast Food Restaurant,Farmers Market,Gastropub,Harbor / Marina,Gym Pool,Gym / Fitness Center,Gym,Greek Restaurant,Gourmet Shop,Golf Course,Gift Shop,German Restaurant,Gas Station,Construction & Landscaping,Gaming Cafe,Furniture / Home Store,Fried Chicken Joint,French Restaurant,Food Truck,Food & Drink Shop,Food,Fish & Chips Shop
91,H8T ,45.4486762,-73.7112039, Lachine West,6,Construction & Landscaping,German Restaurant,Train Station,Business Service,Falafel Restaurant,Event Space,English Restaurant,Empanada Restaurant,Dumpling Restaurant,Drugstore,Dive Bar,Discount Store,Diner,Dim Sum Restaurant,Dessert Shop,Farmers Market,Department Store,Deli / Bodega,Cycle Studio,Currency Exchange,Curling Ice,Cupcake Shop,Cuban Restaurant,Creperie,Coworking Space,Cosmetics Shop,Farm,Yoga Studio,Convenience Store,Filipino Restaurant,Hawaiian Restaurant,Hardware Store,Harbor / Marina,Gym Pool,Gym / Fitness Center,Gym,Grocery Store,Greek Restaurant,Gourmet Shop,Golf Course,Gift Shop,Gastropub,Gas Station,Gaming Cafe,Furniture / Home Store,Fried Chicken Joint,French Restaurant,Food Truck,Food & Drink Shop,Food
92,H1V ,45.5563739,-73.5386869, Maisonneuve,6,Farmers Market,Park,Bakery,Beer Store,French Restaurant,Café,Ice Cream Shop,Pharmacy,Gym / Fitness Center,Cupcake Shop,English Restaurant,Empanada Restaurant,Discount Store,Dumpling Restaurant,Event Space,Falafel Restaurant,Drugstore,Dive Bar,Yoga Studio,Diner,Dim Sum Restaurant,Farm,Department Store,Deli / Bodega,Cycle Studio,Currency Exchange,Curling Ice,Cuban Restaurant,Dessert Shop,Filipino Restaurant,Fast Food Restaurant,Coworking Space,Hardware Store,Harbor / Marina,Gym Pool,Gym,Grocery Store,Greek Restaurant,Gourmet Shop,Golf Course,Gift Shop,German Restaurant,Gastropub,Gas Station,Gaming Cafe,Furniture / Home Store,Fried Chicken Joint,Food Truck,Food & Drink Shop,Food
93,H2V ,45.5186167,-73.6068856, Outremont,6,Park,Italian Restaurant,Bakery,Restaurant,Tea Room,Deli / Bodega,American Restaurant,Spanish Restaurant,Greek Restaurant,Gourmet Shop,Pizza Place,Ice Cream Shop,Theater,Thai Restaurant,Yoga Studio,Diner,Dessert Shop,Discount Store,Dive Bar,Drugstore,Dumpling Restaurant,Dim Sum Restaurant,Currency Exchange,Department Store,Cycle Studio,English Restaurant,Curling Ice,Cupcake Shop,Cuban Restaurant,Creperie,Coworking Space,Cosmetics Shop,Empanada Restaurant,Filipino Restaurant,Event Space,Falafel Restaurant,Gym / Fitness Center,Gym,Grocery Store,Golf Course,Gift Shop,German Restaurant,Gastropub,Gas Station,Gaming Cafe,Furniture / Home Store,Fried Chicken Joint,French Restaurant,Food Truck,Food & Drink Shop
94,H3V ,45.4988496,-73.6239598, Côte-des-Neiges East,6,Coffee Shop,Middle Eastern Restaurant,Restaurant,Fast Food Restaurant,Bakery,Bar,Vietnamese Restaurant,Café,Farmers Market,Bookstore,Breakfast Spot,Liquor Store,Burger Joint,Grocery Store,Chinese Restaurant,Bus Station,Pub,Sandwich Place,English Restaurant,Butcher,Russian Restaurant,Cambodian Restaurant,Discount Store,Ramen Restaurant,Bank,Convenience Store,Supermarket,Sushi Restaurant,French Restaurant,Hotel,Park,Thai Restaurant,Mediterranean Restaurant,Pharmacy,Gift Shop,Drugstore,Curling Ice,Currency Exchange,Diner,Cycle Studio,Deli / Bodega,Department Store,Dessert Shop,Dive Bar,Dim Sum Restaurant,Falafel Restaurant,Dumpling Restaurant,Empanada Restaurant,Greek Restaurant,Gourmet Shop
95,H4V ,45.4772716,-73.6637524, Côte Saint-Luc East,4,Shopping Mall,Movie Theater,Gym,Grocery Store,Pharmacy,Bank,Yoga Studio,Dim Sum Restaurant,English Restaurant,Empanada Restaurant,Dumpling Restaurant,Drugstore,Dive Bar,Discount Store,Diner,Deli / Bodega,Dessert Shop,Department Store,Falafel Restaurant,Cycle Studio,Currency Exchange,Curling Ice,Cupcake Shop,Cuban Restaurant,Creperie,Coworking Space,Event Space,Farmers Market,Farm,Convenience Store,Hardware Store,Harbor / Marina,Gym Pool,Gym / Fitness Center,Greek Restaurant,Gourmet Shop,Golf Course,Gift Shop,German Restaurant,Gastropub,Gas Station,Gaming Cafe,Furniture / Home Store,Fried Chicken Joint,French Restaurant,Food Truck,Food & Drink Shop,Food,Fish & Chips Shop,Filipino Restaurant
96,H7V ,45.5384715,-73.7427541, Chomedey East,6,Middle Eastern Restaurant,Sushi Restaurant,Falafel Restaurant,Hookah Bar,Grocery Store,Drugstore,Thrift / Vintage Store,Dim Sum Restaurant,Event Space,English Restaurant,Empanada Restaurant,Dumpling Restaurant,Dive Bar,Discount Store,Diner,Yoga Studio,Dessert Shop,Farm,Deli / Bodega,Cycle Studio,Currency Exchange,Curling Ice,Cupcake Shop,Cuban Restaurant,Creperie,Coworking Space,Cosmetics Shop,Department Store,Fast Food Restaurant,Farmers Market,Gastropub,Harbor / Marina,Gym Pool,Gym / Fitness Center,Gym,Greek Restaurant,Gourmet Shop,Golf Course,Gift Shop,German Restaurant,Gas Station,Construction & Landscaping,Gaming Cafe,Furniture / Home Store,Fried Chicken Joint,French Restaurant,Food Truck,Food & Drink Shop,Food,Fish & Chips Shop
97,H1W ,45.5403861,-73.54154142918655, Hochelaga,6,Gym / Fitness Center,Ice Cream Shop,Convenience Store,Pharmacy,Gym Pool,Pool Hall,Coffee Shop,Park,Rock Climbing Spot,Dive Bar,Fast Food Restaurant,Bowling Alley,Sushi Restaurant,Pizza Place,Hotel,Hunting Supply,Vegetarian / Vegan Restaurant,Gas Station,Dessert Shop,Gift Shop,Department Store,Deli / Bodega,Cycle Studio,Currency Exchange,Curling Ice,Golf Course,Cupcake Shop,Diner,Cuban Restaurant,Gourmet Shop,Creperie,Greek Restaurant,Coworking Space,Grocery Store,Gym,Dim Sum Restaurant,German Restaurant,Discount Store,Gaming Cafe,Furniture / Home Store,Fried Chicken Joint,French Restaurant,Food Truck,Food & Drink Shop,Food,Fish & Chips Shop,Gastropub,Filipino Restaurant,Farmers Market,Cosmetics Shop
98,H2W ,45.5218361,-73.5821731, Plateau Mont-Royal South Central,6,Café,Bakery,French Restaurant,Bar,Portuguese Restaurant,Bookstore,Burger Joint,Coffee Shop,Japanese Restaurant,Tea Room,Breakfast Spot,Cocktail Bar,South American Restaurant,Middle Eastern Restaurant,Restaurant,Clothing Store,Health Food Store,Vegetarian / Vegan Restaurant,Hardware Store,Gaming Cafe,Record Shop,Greek Restaurant,Church,Pizza Place,Furniture / Home Store,Gym / Fitness Center,Latin American Restaurant,Jazz Club,Pet Café,Cosmetics Shop,Nightclub,Moroccan Restaurant,Indian Restaurant,Mexican Restaurant,Diner,Empanada Restaurant,Lounge,Gastropub,Salvadoran Restaurant,Toy / Game Store,Vietnamese Restaurant,Sandwich Place,Sushi Restaurant,Thai Restaurant,Bus Line,Bank,English Restaurant,Automotive Shop,BBQ Joint,Dumpling Restaurant
99,H3W ,45.4988496,-73.6239598, Côte-des-Neiges Southwest,6,Coffee Shop,Middle Eastern Restaurant,Restaurant,Fast Food Restaurant,Bakery,Bar,Vietnamese Restaurant,Café,Farmers Market,Bookstore,Breakfast Spot,Liquor Store,Burger Joint,Grocery Store,Chinese Restaurant,Bus Station,Pub,Sandwich Place,English Restaurant,Butcher,Russian Restaurant,Cambodian Restaurant,Discount Store,Ramen Restaurant,Bank,Convenience Store,Supermarket,Sushi Restaurant,French Restaurant,Hotel,Park,Thai Restaurant,Mediterranean Restaurant,Pharmacy,Gift Shop,Drugstore,Curling Ice,Currency Exchange,Diner,Cycle Studio,Deli / Bodega,Department Store,Dessert Shop,Dive Bar,Dim Sum Restaurant,Falafel Restaurant,Dumpling Restaurant,Empanada Restaurant,Greek Restaurant,Gourmet Shop
100,H4W ,45.4772716,-73.6637524, Côte Saint-Luc West,4,Shopping Mall,Movie Theater,Gym,Grocery Store,Pharmacy,Bank,Yoga Studio,Dim Sum Restaurant,English Restaurant,Empanada Restaurant,Dumpling Restaurant,Drugstore,Dive Bar,Discount Store,Diner,Deli / Bodega,Dessert Shop,Department Store,Falafel Restaurant,Cycle Studio,Currency Exchange,Curling Ice,Cupcake Shop,Cuban Restaurant,Creperie,Coworking Space,Event Space,Farmers Market,Farm,Convenience Store,Hardware Store,Harbor / Marina,Gym Pool,Gym / Fitness Center,Greek Restaurant,Gourmet Shop,Golf Course,Gift Shop,German Restaurant,Gastropub,Gas Station,Gaming Cafe,Furniture / Home Store,Fried Chicken Joint,French Restaurant,Food Truck,Food & Drink Shop,Food,Fish & Chips Shop,Filipino Restaurant
101,H7W ,45.5384715,-73.7427541, Chomedey South,6,Middle Eastern Restaurant,Sushi Restaurant,Falafel Restaurant,Hookah Bar,Grocery Store,Drugstore,Thrift / Vintage Store,Dim Sum Restaurant,Event Space,English Restaurant,Empanada Restaurant,Dumpling Restaurant,Dive Bar,Discount Store,Diner,Yoga Studio,Dessert Shop,Farm,Deli / Bodega,Cycle Studio,Currency Exchange,Curling Ice,Cupcake Shop,Cuban Restaurant,Creperie,Coworking Space,Cosmetics Shop,Department Store,Fast Food Restaurant,Farmers Market,Gastropub,Harbor / Marina,Gym Pool,Gym / Fitness Center,Gym,Greek Restaurant,Gourmet Shop,Golf Course,Gift Shop,German Restaurant,Gas Station,Construction & Landscaping,Gaming Cafe,Furniture / Home Store,Fried Chicken Joint,French Restaurant,Food Truck,Food & Drink Shop,Food,Fish & Chips Shop
102,H9W ,45.4289766,-73.8654387, Beaconsfield,0,Pizza Place,Hockey Arena,Business Service,Soccer Field,Yoga Studio,Diner,Falafel Restaurant,Event Space,English Restaurant,Empanada Restaurant,Dumpling Restaurant,Drugstore,Dive Bar,Discount Store,Dessert Shop,Dim Sum Restaurant,Department Store,Deli / Bodega,Cycle Studio,Currency Exchange,Curling Ice,Cupcake Shop,Cuban Restaurant,Creperie,Coworking Space,Farm,Farmers Market,Convenience Store,German Restaurant,Hardware Store,Harbor / Marina,Gym Pool,Gym / Fitness Center,Gym,Grocery Store,Greek Restaurant,Gourmet Shop,Golf Course,Gift Shop,Gastropub,Fast Food Restaurant,Gas Station,Gaming Cafe,Furniture / Home Store,Fried Chicken Joint,French Restaurant,Food Truck,Food & Drink Shop,Food,Fish & Chips Shop
103,H1X ,45.5314955,-73.5973383, Rosemont Central,6,Café,Coffee Shop,Restaurant,Bar,Clothing Store,French Restaurant,Print Shop,Supermarket,Ice Cream Shop,Climbing Gym,Tapas Restaurant,Portuguese Restaurant,Pizza Place,Asian Restaurant,Trail,Pet Store,Vegetarian / Vegan Restaurant,Vietnamese Restaurant,Gym,Bookstore,Discount Store,Department Store,Dive Bar,Diner,Dim Sum Restaurant,Dessert Shop,Yoga Studio,Deli / Bodega,Cycle Studio,Currency Exchange,Dumpling Restaurant,Curling Ice,Cupcake Shop,Cuban Restaurant,Creperie,Drugstore,Farmers Market,Empanada Restaurant,English Restaurant,Grocery Store,Greek Restaurant,Gourmet Shop,Golf Course,Gift Shop,German Restaurant,Gastropub,Gas Station,Gaming Cafe,Furniture / Home Store,Fried Chicken Joint
104,H2X ,45.5218361,-73.5821731, Plateau Mont-Royal Southeast,6,Café,Bakery,French Restaurant,Bar,Portuguese Restaurant,Bookstore,Burger Joint,Coffee Shop,Japanese Restaurant,Tea Room,Breakfast Spot,Cocktail Bar,South American Restaurant,Middle Eastern Restaurant,Restaurant,Clothing Store,Health Food Store,Vegetarian / Vegan Restaurant,Hardware Store,Gaming Cafe,Record Shop,Greek Restaurant,Church,Pizza Place,Furniture / Home Store,Gym / Fitness Center,Latin American Restaurant,Jazz Club,Pet Café,Cosmetics Shop,Nightclub,Moroccan Restaurant,Indian Restaurant,Mexican Restaurant,Diner,Empanada Restaurant,Lounge,Gastropub,Salvadoran Restaurant,Toy / Game Store,Vietnamese Restaurant,Sandwich Place,Sushi Restaurant,Thai Restaurant,Bus Line,Bank,English Restaurant,Automotive Shop,BBQ Joint,Dumpling Restaurant
105,H3X ,45.4811545,-73.6469908, Hampstead,13,Big Box Store,Park,Yoga Studio,Diner,Farm,Falafel Restaurant,Event Space,English Restaurant,Empanada Restaurant,Dumpling Restaurant,Drugstore,Dive Bar,Discount Store,Dim Sum Restaurant,Fast Food Restaurant,Dessert Shop,Department Store,Deli / Bodega,Cycle Studio,Currency Exchange,Curling Ice,Cupcake Shop,Cuban Restaurant,Creperie,Coworking Space,Farmers Market,Filipino Restaurant,Convenience Store,Fish & Chips Shop,Hawaiian Restaurant,Hardware Store,Harbor / Marina,Gym Pool,Gym / Fitness Center,Gym,Grocery Store,Greek Restaurant,Gourmet Shop,Golf Course,Gift Shop,German Restaurant,Gastropub,Gas Station,Gaming Cafe,Furniture / Home Store,Fried Chicken Joint,French Restaurant,Food Truck,Food & Drink Shop,Food
106,H4X ,45.452853,-73.6442548, Montreal West,6,Burger Joint,Pharmacy,Sandwich Place,Curling Ice,Train Station,Gym,Coffee Shop,Breakfast Spot,Bakery,Bank,English Restaurant,Dumpling Restaurant,Empanada Restaurant,Event Space,Dive Bar,Falafel Restaurant,Farm,Drugstore,Yoga Studio,Discount Store,Diner,Dim Sum Restaurant,Farmers Market,Department Store,Deli / Bodega,Cycle Studio,Currency Exchange,Cupcake Shop,Cuban Restaurant,Dessert Shop,Filipino Restaurant,Fast Food Restaurant,German Restaurant,Hardware Store,Harbor / Marina,Gym Pool,Gym / Fitness Center,Grocery Store,Greek Restaurant,Gourmet Shop,Golf Course,Gift Shop,Gastropub,Coworking Space,Gas Station,Gaming Cafe,Furniture / Home Store,Fried Chicken Joint,French Restaurant,Food Truck
107,H7X ,45.5284869,-73.8200017, Sainte-Dorothée,6,Plaza,Boutique,French Restaurant,Bar,Diner,Farm,Falafel Restaurant,Event Space,English Restaurant,Empanada Restaurant,Dumpling Restaurant,Drugstore,Dive Bar,Discount Store,Dim Sum Restaurant,Fast Food Restaurant,Dessert Shop,Department Store,Deli / Bodega,Cycle Studio,Currency Exchange,Curling Ice,Cupcake Shop,Cuban Restaurant,Creperie,Coworking Space,Farmers Market,Yoga Studio,Filipino Restaurant,Golf Course,Hawaiian Restaurant,Hardware Store,Harbor / Marina,Gym Pool,Gym / Fitness Center,Gym,Grocery Store,Greek Restaurant,Gourmet Shop,Gift Shop,Cosmetics Shop,German Restaurant,Gastropub,Gas Station,Gaming Cafe,Furniture / Home Store,Fried Chicken Joint,Food Truck,Food & Drink Shop,Food
108,H9X ,45.4092897,-73.9461485, Sainte-Anne-De-Bellevue,6,Music Venue,Train Station,Gym,Farm,Yoga Studio,Dim Sum Restaurant,Event Space,English Restaurant,Empanada Restaurant,Dumpling Restaurant,Drugstore,Dive Bar,Discount Store,Diner,Department Store,Dessert Shop,Deli / Bodega,Cycle Studio,Currency Exchange,Curling Ice,Cupcake Shop,Cuban Restaurant,Creperie,Coworking Space,Cosmetics Shop,Falafel Restaurant,Fast Food Restaurant,Farmers Market,Construction & Landscaping,Hardware Store,Harbor / Marina,Gym Pool,Gym / Fitness Center,Grocery Store,Greek Restaurant,Gourmet Shop,Golf Course,Gift Shop,German Restaurant,Gastropub,Gas Station,Gaming Cafe,Furniture / Home Store,Fried Chicken Joint,French Restaurant,Food Truck,Food & Drink Shop,Food,Fish & Chips Shop,Filipino Restaurant
109,H1Y ,45.5314955,-73.5973383, Rosemont South,6,Café,Coffee Shop,Restaurant,Bar,Clothing Store,French Restaurant,Print Shop,Supermarket,Ice Cream Shop,Climbing Gym,Tapas Restaurant,Portuguese Restaurant,Pizza Place,Asian Restaurant,Trail,Pet Store,Vegetarian / Vegan Restaurant,Vietnamese Restaurant,Gym,Bookstore,Discount Store,Department Store,Dive Bar,Diner,Dim Sum Restaurant,Dessert Shop,Yoga Studio,Deli / Bodega,Cycle Studio,Currency Exchange,Dumpling Restaurant,Curling Ice,Cupcake Shop,Cuban Restaurant,Creperie,Drugstore,Farmers Market,Empanada Restaurant,English Restaurant,Grocery Store,Greek Restaurant,Gourmet Shop,Golf Course,Gift Shop,German Restaurant,Gastropub,Gas Station,Gaming Cafe,Furniture / Home Store,Fried Chicken Joint
110,H2Y ,45.5033677,-73.5574484, Old Montreal,6,Café,Hotel,French Restaurant,Restaurant,Italian Restaurant,Spa,Chinese Restaurant,Sandwich Place,Asian Restaurant,Nightclub,Boutique,Burger Joint,Steakhouse,Dessert Shop,Coffee Shop,Plaza,Gift Shop,Portuguese Restaurant,Shabu-Shabu Restaurant,Seafood Restaurant,Hotel Bar,Polish Restaurant,Cupcake Shop,Cocktail Bar,Gastropub,Salad Place,Peruvian Restaurant,Lounge,Candy Store,Japanese Restaurant,History Museum,Pizza Place,Breakfast Spot,Other Event,Wine Bar,Creperie,Art Gallery,Art Museum,Museum,Bakery,New American Restaurant,Tea Room,Tapas Restaurant,Harbor / Marina,Fish & Chips Shop,Men's Store,Deli / Bodega,Bistro,Historic Site,Women's Store
111,H4Y ,45.4453082,-73.7510888, Dorval Central ,6,Hotel,Convenience Store,Bank,Sushi Restaurant,Rental Car Location,Recreation Center,Gas Station,Park,Bar,Fast Food Restaurant,Coffee Shop,Sandwich Place,Pizza Place,Grocery Store,Middle Eastern Restaurant,Department Store,Discount Store,Diner,Dim Sum Restaurant,Dive Bar,Dessert Shop,Cycle Studio,Deli / Bodega,Dumpling Restaurant,Currency Exchange,Curling Ice,Cupcake Shop,Cuban Restaurant,Creperie,Coworking Space,Cosmetics Shop,Drugstore,Yoga Studio,Empanada Restaurant,Furniture / Home Store,Gym / Fitness Center,Gym,Greek Restaurant,Gourmet Shop,Golf Course,Gift Shop,German Restaurant,Gastropub,Gaming Cafe,Fried Chicken Joint,English Restaurant,French Restaurant,Food Truck,Food & Drink Shop,Food
112,H7Y ,45.5203029,-73.8522024, Îles-Laval,4,Pharmacy,Platform,Gym,Sandwich Place,Yoga Studio,Dim Sum Restaurant,Event Space,English Restaurant,Empanada Restaurant,Dumpling Restaurant,Drugstore,Dive Bar,Discount Store,Diner,Department Store,Dessert Shop,Farm,Deli / Bodega,Cycle Studio,Currency Exchange,Curling Ice,Cupcake Shop,Cuban Restaurant,Creperie,Coworking Space,Falafel Restaurant,Farmers Market,Convenience Store,Fast Food Restaurant,Hardware Store,Harbor / Marina,Gym Pool,Gym / Fitness Center,Grocery Store,Greek Restaurant,Gourmet Shop,Golf Course,Gift Shop,German Restaurant,Gastropub,Gas Station,Gaming Cafe,Furniture / Home Store,Fried Chicken Joint,French Restaurant,Food Truck,Food & Drink Shop,Food,Fish & Chips Shop,Filipino Restaurant
113,H1Z ,45.2381816,-73.5699087, Saint-Michel West,7,ATM,Pizza Place,Dim Sum Restaurant,Farm,Falafel Restaurant,Event Space,English Restaurant,Empanada Restaurant,Dumpling Restaurant,Drugstore,Dive Bar,Discount Store,Diner,Dessert Shop,Convenience Store,Department Store,Deli / Bodega,Cycle Studio,Currency Exchange,Curling Ice,Cupcake Shop,Cuban Restaurant,Creperie,Coworking Space,Farmers Market,Fast Food Restaurant,Filipino Restaurant,Fish & Chips Shop,Hawaiian Restaurant,Hardware Store,Harbor / Marina,Gym Pool,Gym / Fitness Center,Gym,Grocery Store,Greek Restaurant,Gourmet Shop,Golf Course,Gift Shop,German Restaurant,Gastropub,Gas Station,Gaming Cafe,Furniture / Home Store,Fried Chicken Joint,French Restaurant,Food Truck,Food & Drink Shop,Food,Cosmetics Shop
114,H2Z ,45.5052895,-73.5640756, Downtown Montreal Northeast,6,Hotel,Café,Plaza,French Restaurant,Restaurant,Japanese Restaurant,Performing Arts Venue,Pizza Place,Building,Bubble Tea Shop,Cocktail Bar,Coffee Shop,Concert Hall,Taco Place,Yoga Studio,Theater,Bakery,Asian Restaurant,Art Museum,Dessert Shop,Hawaiian Restaurant,Peruvian Restaurant,Opera House,Park,Italian Restaurant,Hotel Bar,Dumpling Restaurant,Gourmet Shop,Pharmacy,Gastropub,Chinese Restaurant,Noodle House,Comedy Club,Cycle Studio,Music Venue,Comfort Food Restaurant,Museum,Movie Theater,Department Store,Mongolian Restaurant,Men's Store,Cupcake Shop,Lounge,Liquor Store,Korean Restaurant,Jazz Club,Cuban Restaurant,Food Truck,Public Art,Salad Place
115,H3Z ,45.4857329,-73.5963951, Westmount South,6,Park,Coffee Shop,Currency Exchange,Italian Restaurant,Café,Diner,Falafel Restaurant,Event Space,English Restaurant,Empanada Restaurant,Dumpling Restaurant,Drugstore,Dive Bar,Discount Store,Yoga Studio,Dim Sum Restaurant,Farmers Market,Dessert Shop,Department Store,Deli / Bodega,Cycle Studio,Curling Ice,Cupcake Shop,Cuban Restaurant,Creperie,Farm,Fast Food Restaurant,Cosmetics Shop,Filipino Restaurant,Hardware Store,Harbor / Marina,Gym Pool,Gym / Fitness Center,Gym,Grocery Store,Greek Restaurant,Gourmet Shop,Golf Course,Gift Shop,German Restaurant,Gastropub,Gas Station,Gaming Cafe,Furniture / Home Store,Fried Chicken Joint,French Restaurant,Food Truck,Food & Drink Shop,Food,Fish & Chips Shop
116,H4Z ,45.50047945,-73.56200662488715, Tour de la Bourse,6,French Restaurant,Hotel,Café,Restaurant,Portuguese Restaurant,Cocktail Bar,Salad Place,Sandwich Place,Market,Men's Store,Burger Joint,Fish & Chips Shop,Italian Restaurant,Boutique,Art Museum,Steakhouse,Bistro,Art Gallery,Peruvian Restaurant,Plaza,Music Venue,Women's Store,Deli / Bodega,New American Restaurant,BBQ Joint,Tapas Restaurant,Bakery,Drugstore,Currency Exchange,Cupcake Shop,Cycle Studio,Dumpling Restaurant,Curling Ice,Dive Bar,Diner,Dim Sum Restaurant,Dessert Shop,Department Store,Empanada Restaurant,Discount Store,Yoga Studio,English Restaurant,Furniture / Home Store,Greek Restaurant,Gourmet Shop,Golf Course,Gift Shop,German Restaurant,Gastropub,Gas Station
117,H8Z ,45.4955083,-73.8471749, Pierrefonds,4,Adult Boutique,Asian Restaurant,Track,Dive Bar,Yoga Studio,Dim Sum Restaurant,Farm,Falafel Restaurant,Event Space,English Restaurant,Empanada Restaurant,Dumpling Restaurant,Drugstore,Discount Store,Diner,Department Store,Dessert Shop,Fast Food Restaurant,Deli / Bodega,Cycle Studio,Currency Exchange,Curling Ice,Cupcake Shop,Cuban Restaurant,Creperie,Coworking Space,Farmers Market,Fish & Chips Shop,Filipino Restaurant,Convenience Store,Hawaiian Restaurant,Hardware Store,Harbor / Marina,Gym Pool,Gym / Fitness Center,Gym,Grocery Store,Greek Restaurant,Gourmet Shop,Golf Course,Gift Shop,German Restaurant,Gastropub,Gas Station,Gaming Cafe,Furniture / Home Store,Fried Chicken Joint,French Restaurant,Food Truck,Food & Drink Shop
